YEAR,ETHNIC_BEL,ETHNIC_UKR,ETHNIC_GER,ETHNIC_POL,ETHNIC_ARMENIAN,ETHNIC_GREEK,ETHNIC_JEWISH,ETHNIC_KABARDIN,ETHNIC_KALMYK,ETHNIC_CHINESE,ETHNIC_KOREAN,ETHNIC_LATVIAN,ETHNIC_LITHUANIAN,ETHNIC_OSSETIAN,ETHNIC_ESTONIAN,ETHNIC_TATAR,ETHNIC_CHECHEN,n
1914,0,0,0,0,0,0,0,0,0,0,0,0,0,0,0,0,0,1
1916,0,0,0,0,0,0,0,0,1,0,0,0,0,0,0,0,0,1
1917,0,0,0,0,0,0,0,0,0,0,0,0,0,0,0,0,0,160
1917,0,0,1,0,0,0,0,0,0,0,0,0,0,0,0,0,0,1
1918,0,0,0,0,0,0,0,0,0,0,0,0,0,0,0,0,0,4277
1918,0,0,0,0,0,0,0,0,0,0,0,0,0,0,0,0,1,2
1918,0,0,0,0,0,0,0,0,0,0,0,0,0,0,0,1,0,45
1918,0,0,0,0,0,0,0,0,0,0,0,0,0,0,1,0,0,4
1918,0,0,0,0,0,0,0,0,0,0,0,0,1,0,0,0,0,1
1918,0,0,0,0,0,0,0,0,0,0,0,1,0,0,0,0,0,2
1918,0,0,0,0,0,0,0,0,1,0,0,0,0,0,0,0,0,4
1918,0,0,0,0,0,0,1,0,0,0,0,0,0,0,0,0,0,12
1918,0,0,0,1,0,0,0,0,0,0,0,0,0,0,0,0,0,8
1918,0,0,0,1,0,0,0,0,0,0,0,0,0,0,0,1,0,1
1918,0,0,1,0,0,0,0,0,0,0,0,0,0,0,0,0,0,2
1918,0,1,0,0,0,0,0,0,0,0,0,0,0,0,0,0,0,2
1918,1,0,0,0,0,0,0,0,0,0,0,0,0,0,0,0,0,6
1919,0,0,0,0,0,0,0,0,0,0,0,0,0,0,0,0,0,10172
1919,0,0,0,0,0,0,0,0,0,0,0,0,0,0,0,0,1,2
1919,0,0,0,0,0,0,0,0,0,0,0,0,0,0,0,1,0,174
1919,0,0,0,0,0,0,0,0,0,0,0,0,0,0,1,0,0,4
1919,0,0,0,0,0,0,0,0,0,0,0,0,1,0,0,0,0,3
1919,0,0,0,0,0,0,0,0,0,0,0,1,0,0,0,0,0,10
1919,0,0,0,0,0,0,0,0,1,0,0,0,0,0,0,0,0,5
1919,0,0,0,0,0,0,1,0,0,0,0,0,0,0,0,0,0,34
1919,0,0,0,0,0,1,0,0,0,0,0,0,0,0,0,0,0,1
1919,0,0,0,0,1,0,0,0,0,0,0,0,0,0,0,0,0,1
1919,0,0,0,1,0,0,0,0,0,0,0,0,0,0,0,0,0,24
1919,0,0,1,0,0,0,0,0,0,0,0,0,0,0,0,0,0,10
1919,0,1,0,0,0,0,0,0,0,0,0,0,0,0,0,0,0,19
1919,1,0,0,0,0,0,0,0,0,0,0,0,0,0,0,0,0,11
1920,0,0,0,0,0,0,0,0,0,0,0,0,0,0,0,0,0,12679
1920,0,0,0,0,0,0,0,0,0,0,0,0,0,0,0,0,1,1
1920,0,0,0,0,0,0,0,0,0,0,0,0,0,0,0,1,0,133
1920,0,0,0,0,0,0,0,0,0,0,0,0,0,0,1,0,0,9
1920,0,0,0,0,0,0,0,0,0,0,0,0,0,1,0,0,0,40
1920,0,0,0,0,0,0,0,0,0,0,0,0,1,0,0,0,0,36
1920,0,0,0,0,0,0,0,0,0,0,0,1,0,0,0,0,0,32
1920,0,0,0,0,0,0,0,0,0,0,1,0,0,0,0,0,0,7
1920,0,0,0,0,0,0,0,0,0,1,0,0,0,0,0,0,0,8
1920,0,0,0,0,0,0,0,0,1,0,0,0,0,0,0,0,0,6
1920,0,0,0,0,0,0,0,1,0,0,0,0,0,0,0,0,0,47
1920,0,0,0,0,0,0,1,0,0,0,0,0,0,0,0,0,0,78
1920,0,0,0,0,0,1,0,0,0,0,0,0,0,0,0,0,0,8
1920,0,0,0,0,1,0,0,0,0,0,0,0,0,0,0,0,0,12
1920,0,0,0,1,0,0,0,0,0,0,0,0,0,0,0,0,0,265
1920,0,0,0,1,0,1,0,0,0,0,0,0,0,0,0,0,0,1
1920,0,0,1,0,0,0,0,0,0,0,0,0,0,0,0,0,0,38
1920,0,0,1,1,0,0,1,0,0,1,1,0,0,0,0,0,0,1
1920,0,1,0,0,0,0,0,0,0,0,0,0,0,0,0,0,0,71
1920,1,0,0,0,0,0,0,0,0,0,0,0,0,0,0,0,0,125
1920,1,0,0,1,0,0,0,0,0,0,0,0,0,0,0,0,0,2
1921,0,0,0,0,0,0,0,0,0,0,0,0,0,0,0,0,0,9902
1921,0,0,0,0,0,0,0,0,0,0,0,0,0,0,0,0,1,1
1921,0,0,0,0,0,0,0,0,0,0,0,0,0,0,0,1,0,166
1921,0,0,0,0,0,0,0,0,0,0,0,0,0,0,1,0,0,6
1921,0,0,0,0,0,0,0,0,0,0,0,0,0,1,0,0,0,13
1921,0,0,0,0,0,0,0,0,0,0,0,0,1,0,0,0,0,12
1921,0,0,0,0,0,0,0,0,0,0,0,1,0,0,0,0,0,27
1921,0,0,0,0,0,0,0,0,0,0,1,0,0,0,0,0,0,3
1921,0,0,0,0,0,0,0,0,0,1,0,0,0,0,0,0,0,3
1921,0,0,0,0,0,0,0,0,1,0,0,0,0,0,0,0,0,4
1921,0,0,0,0,0,0,0,1,0,0,0,0,0,0,0,0,0,8
1921,0,0,0,0,0,0,1,0,0,0,0,0,0,0,0,0,0,86
1921,0,0,0,0,1,0,0,0,0,0,0,0,0,0,0,0,0,5
1921,0,0,0,1,0,0,0,0,0,0,0,0,0,0,0,0,0,85
1921,0,0,1,0,0,0,0,0,0,0,0,0,0,0,0,0,0,45
1921,0,1,0,0,0,0,0,0,0,0,0,0,0,0,0,0,0,73
1921,1,0,0,0,0,0,0,0,0,0,0,0,0,0,0,0,0,144
1921,1,0,0,1,0,0,0,0,0,0,0,0,0,0,0,0,0,1
1922,0,0,0,0,0,0,0,0,0,0,0,0,0,0,0,0,0,2002
1922,0,0,0,0,0,0,0,0,0,0,0,0,0,0,0,1,0,10
1922,0,0,0,0,0,0,0,0,0,0,0,0,0,0,1,0,0,2
1922,0,0,0,0,0,0,0,0,0,0,0,0,0,1,0,0,0,1
1922,0,0,0,0,0,0,0,0,0,0,0,0,1,0,0,0,0,4
1922,0,0,0,0,0,0,0,0,0,0,0,1,0,0,0,0,0,4
1922,0,0,0,0,0,0,0,0,0,0,1,0,0,0,0,0,0,3
1922,0,0,0,0,0,0,0,0,1,0,0,0,0,0,0,0,0,2
1922,0,0,0,0,0,0,1,0,0,0,0,0,0,0,0,0,0,74
1922,0,0,0,0,1,0,0,0,0,0,0,0,0,0,0,0,0,1
1922,0,0,0,1,0,0,0,0,0,0,0,0,0,0,0,0,0,18
1922,0,0,1,0,0,0,0,0,0,0,0,0,0,0,0,0,0,8
1922,0,1,0,0,0,0,0,0,0,0,0,0,0,0,0,0,0,19
1922,1,0,0,0,0,0,0,0,0,0,0,0,0,0,0,0,0,5
1923,0,0,0,0,0,0,0,0,0,0,0,0,0,0,0,0,0,1017
1923,0,0,0,0,0,0,0,0,0,0,0,0,0,0,0,1,0,3
1923,0,0,0,0,0,0,0,0,0,0,0,0,0,0,1,0,0,2
1923,0,0,0,0,0,0,0,0,0,0,0,0,0,1,0,0,0,1
1923,0,0,0,0,0,0,0,0,0,0,0,0,1,0,0,0,0,4
1923,0,0,0,0,0,0,0,0,0,0,0,1,0,0,0,0,0,3
1923,0,0,0,0,0,0,0,0,0,0,1,0,0,0,0,0,0,2
1923,0,0,0,0,0,0,0,0,1,0,0,0,0,0,0,0,0,2
1923,0,0,0,0,0,0,1,0,0,0,0,0,0,0,0,0,0,59
1923,0,0,0,0,0,1,0,0,0,0,0,0,0,0,0,0,0,1
1923,0,0,0,0,1,0,0,0,0,0,0,0,0,0,0,0,0,2
1923,0,0,0,1,0,0,0,0,0,0,0,0,0,0,0,0,0,32
1923,0,0,1,0,0,0,0,0,0,0,0,0,0,0,0,0,0,8
1923,0,1,0,0,0,0,0,0,0,0,0,0,0,0,0,0,0,9
1923,1,0,0,0,0,0,0,0,0,0,0,0,0,0,0,0,0,34
1924,0,0,0,0,0,0,0,0,0,0,0,0,0,0,0,0,0,1437
1924,0,0,0,0,0,0,0,0,0,0,0,0,0,0,0,1,0,3
1924,0,0,0,0,0,0,0,0,0,0,0,0,0,0,1,0,0,5
1924,0,0,0,0,0,0,0,0,0,0,0,0,0,1,0,0,0,1
1924,0,0,0,0,0,0,0,0,0,0,0,1,0,0,0,0,0,7
1924,0,0,0,0,0,0,0,0,0,1,0,0,0,0,0,0,0,1
1924,0,0,0,0,0,0,0,1,0,0,0,0,0,0,0,0,0,1
1924,0,0,0,0,0,0,1,0,0,0,0,0,0,0,0,0,0,72
1924,0,0,0,0,1,0,0,0,0,0,0,0,0,0,0,0,0,2
1924,0,0,0,1,0,0,0,0,0,0,0,0,0,0,0,0,0,30
1924,0,0,1,0,0,0,0,0,0,0,0,0,0,0,0,0,0,6
1924,0,1,0,0,0,0,0,0,0,0,0,0,0,0,0,0,0,18
1924,1,0,0,0,0,0,0,0,0,0,0,0,0,0,0,0,0,57
1925,0,0,0,0,0,0,0,0,0,0,0,0,0,0,0,0,0,1113
1925,0,0,0,0,0,0,0,0,0,0,0,0,0,0,0,1,0,6
1925,0,0,0,0,0,0,0,0,0,0,0,0,0,0,1,0,0,3
1925,0,0,0,0,0,0,0,0,0,0,0,1,0,0,0,0,0,4
1925,0,0,0,0,0,0,0,0,0,1,0,0,0,0,0,0,0,1
1925,0,0,0,0,0,0,0,1,0,0,0,0,0,0,0,0,0,2
1925,0,0,0,0,0,0,1,0,0,0,0,0,0,0,0,0,0,101
1925,0,0,0,1,0,0,0,0,0,0,0,0,0,0,0,0,0,26
1925,0,0,1,0,0,0,0,0,0,0,0,0,0,0,0,0,0,3
1925,0,1,0,0,0,0,0,0,0,0,0,0,0,0,0,0,0,13
1925,1,0,0,0,0,0,0,0,0,0,0,0,0,0,0,0,0,92
1925,1,0,0,0,0,0,1,0,0,0,0,0,0,0,0,0,0,2
1926,0,0,0,0,0,0,0,0,0,0,0,0,0,0,0,0,0,1894
1926,0,0,0,0,0,0,0,0,0,0,0,0,0,0,0,1,0,9
1926,0,0,0,0,0,0,0,0,0,0,0,0,0,0,1,0,0,1
1926,0,0,0,0,0,0,0,0,0,0,0,0,0,1,0,0,0,1
1926,0,0,0,0,0,0,0,0,0,0,0,0,1,0,0,0,0,2
1926,0,0,0,0,0,0,0,0,0,0,0,1,0,0,0,0,0,2
1926,0,0,0,0,0,0,0,0,0,1,0,0,0,0,0,0,0,6
1926,0,0,0,0,0,0,0,1,0,0,0,0,0,0,0,0,0,5
1926,0,0,0,0,0,0,1,0,0,0,0,0,0,0,0,0,0,79
1926,0,0,0,0,1,0,0,0,0,0,0,0,0,0,0,0,0,1
1926,0,0,0,1,0,0,0,0,0,0,0,0,0,0,0,0,0,11
1926,0,0,1,0,0,0,0,0,0,0,0,0,0,0,0,0,0,5
1926,0,1,0,0,0,0,0,0,0,0,0,0,0,0,0,0,0,19
1926,1,0,0,0,0,0,0,0,0,0,0,0,0,0,0,0,0,66
1926,1,0,0,1,0,0,0,0,0,0,0,0,0,0,0,0,0,2
1927,0,0,0,0,0,0,0,0,0,0,0,0,0,0,0,0,0,4045
1927,0,0,0,0,0,0,0,0,0,0,0,0,0,0,0,1,0,13
1927,0,0,0,0,0,0,0,0,0,0,0,0,0,0,1,0,0,18
1927,0,0,0,0,0,0,0,0,0,0,0,0,0,1,0,0,0,7
1927,0,0,0,0,0,0,0,0,0,0,0,0,1,0,0,0,0,8
1927,0,0,0,0,0,0,0,0,0,0,0,1,0,0,0,0,0,13
1927,0,0,0,0,0,0,0,0,0,0,1,0,0,0,0,0,0,5
1927,0,0,0,0,0,0,0,0,0,1,0,0,0,0,0,0,0,20
1927,0,0,0,0,0,0,0,1,0,0,0,0,0,0,0,0,0,4
1927,0,0,0,0,0,0,1,0,0,0,0,0,0,0,0,0,0,68
1927,0,0,0,0,1,0,0,0,0,0,0,0,0,0,0,0,0,2
1927,0,0,0,1,0,0,0,0,0,0,0,0,0,0,0,0,0,55
1927,0,0,1,0,0,0,0,0,0,0,0,0,0,0,0,0,0,10
1927,0,1,0,0,0,0,0,0,0,0,0,0,0,0,0,0,0,62
1927,1,0,0,0,0,0,0,0,0,0,0,0,0,0,0,0,0,204
1927,1,0,0,1,0,0,0,0,0,0,0,0,0,0,0,0,0,1
1928,0,0,0,0,0,0,0,0,0,0,0,0,0,0,0,0,0,4564
1928,0,0,0,0,0,0,0,0,0,0,0,0,0,0,0,1,0,119
1928,0,0,0,0,0,0,0,0,0,0,0,0,0,0,1,0,0,11
1928,0,0,0,0,0,0,0,0,0,0,0,0,0,1,0,0,0,19
1928,0,0,0,0,0,0,0,0,0,0,0,0,1,0,0,0,0,3
1928,0,0,0,0,0,0,0,0,0,0,0,1,0,0,0,0,0,23
1928,0,0,0,0,0,0,0,0,0,0,1,0,0,0,0,0,0,3
1928,0,0,0,0,0,0,0,0,0,1,0,0,0,0,0,0,0,17
1928,0,0,0,0,0,0,0,0,0,1,0,0,0,0,0,1,0,1
1928,0,0,0,0,0,0,0,0,1,0,0,0,0,0,0,0,0,2
1928,0,0,0,0,0,0,0,1,0,0,0,0,0,0,0,0,0,79
1928,0,0,0,0,0,0,1,0,0,0,0,0,0,0,0,0,0,78
1928,0,0,0,0,0,1,0,0,0,0,0,0,0,0,0,0,0,1
1928,0,0,0,0,1,0,0,0,0,0,0,0,0,0,0,0,0,3
1928,0,0,0,1,0,0,0,0,0,0,0,0,0,0,0,0,0,59
1928,0,0,1,0,0,0,0,0,0,0,0,0,0,0,0,0,0,29
1928,0,1,0,0,0,0,0,0,0,0,0,0,0,0,0,0,0,85
1928,1,0,0,0,0,0,0,0,0,0,0,0,0,0,0,0,0,265
1928,1,0,0,1,0,0,0,0,0,0,0,0,0,0,0,0,0,1
1929,0,0,0,0,0,0,0,0,0,0,0,0,0,0,0,0,0,25972
1929,0,0,0,0,0,0,0,0,0,0,0,0,0,0,0,1,0,892
1929,0,0,0,0,0,0,0,0,0,0,0,0,0,0,1,0,0,32
1929,0,0,0,0,0,0,0,0,0,0,0,0,0,1,0,0,0,55
1929,0,0,0,0,0,0,0,0,0,0,0,0,1,0,0,0,0,31
1929,0,0,0,0,0,0,0,0,0,0,0,1,0,0,0,0,0,120
1929,0,0,0,0,0,0,0,0,0,0,1,0,0,0,0,0,0,2
1929,0,0,0,0,0,0,0,0,0,1,0,0,0,0,0,0,0,48
1929,0,0,0,0,0,0,0,0,1,0,0,0,0,0,0,0,0,169
1929,0,0,0,0,0,0,0,1,0,0,0,0,0,0,0,0,0,93
1929,0,0,0,0,0,0,1,0,0,0,0,0,0,0,0,0,0,133
1929,0,0,0,0,0,1,0,0,0,0,0,0,0,0,0,0,0,6
1929,0,0,0,0,1,0,0,0,0,0,0,0,0,0,0,0,0,17
1929,0,0,0,1,0,0,0,0,0,0,0,0,0,0,0,0,0,1012
1929,0,0,0,1,0,0,0,0,0,0,0,0,0,0,0,1,0,2
1929,0,0,0,1,0,0,1,0,0,0,0,0,0,0,0,0,0,1
1929,0,0,1,0,0,0,0,0,0,0,0,0,0,0,0,0,0,135
1929,0,1,0,0,0,0,0,0,0,0,0,0,0,0,0,0,0,660
1929,0,1,0,1,0,0,0,0,0,0,0,0,0,0,0,0,0,2
1929,1,0,0,0,0,0,0,0,0,0,0,0,0,0,0,0,0,2238
1929,1,0,0,1,0,0,0,0,0,0,0,0,0,0,0,0,0,9
1929,1,1,0,0,0,0,0,0,0,0,0,0,0,0,0,0,0,1
1930,0,0,0,0,0,0,0,0,0,0,0,0,0,0,0,0,0,204698
1930,0,0,0,0,0,0,0,0,0,0,0,0,0,0,0,0,1,2
1930,0,0,0,0,0,0,0,0,0,0,0,0,0,0,0,1,0,4204
1930,0,0,0,0,0,0,0,0,0,0,0,0,0,0,1,0,0,153
1930,0,0,0,0,0,0,0,0,0,0,0,0,0,1,0,0,0,311
1930,0,0,0,0,0,0,0,0,0,0,0,0,1,0,0,0,0,44
1930,0,0,0,0,0,0,0,0,0,0,0,1,0,0,0,0,0,460
1930,0,0,0,0,0,0,0,0,0,0,0,1,1,0,0,0,0,1
1930,0,0,0,0,0,0,0,0,0,0,1,0,0,0,0,0,0,5
1930,0,0,0,0,0,0,0,0,0,1,0,0,0,0,0,0,0,37
1930,0,0,0,0,0,0,0,0,1,0,0,0,0,0,0,0,0,537
1930,0,0,0,0,0,0,0,1,0,0,0,0,0,0,0,0,0,376
1930,0,0,0,0,0,0,1,0,0,0,0,0,0,0,0,0,0,278
1930,0,0,0,0,0,1,0,0,0,0,0,0,0,0,0,0,0,12
1930,0,0,0,0,1,0,0,0,0,0,0,0,0,0,0,0,0,29
1930,0,0,0,1,0,0,0,0,0,0,0,0,0,0,0,0,0,1110
1930,0,0,0,1,0,0,0,0,0,0,0,0,0,0,0,1,0,6
1930,0,0,0,1,0,0,0,0,0,1,0,0,0,0,0,0,0,1
1930,0,0,1,0,0,0,0,0,0,0,0,0,0,0,0,0,0,690
1930,0,0,1,0,0,0,1,0,0,0,0,0,0,0,0,0,0,1
1930,0,1,0,0,0,0,0,0,0,0,0,0,0,0,0,0,0,2712
1930,1,0,0,0,0,0,0,0,0,0,0,0,0,0,0,0,0,3735
1930,1,0,0,0,0,0,0,0,0,0,0,0,0,0,0,0,1,1
1930,1,0,0,1,0,0,0,0,0,0,0,0,0,0,0,0,0,7
1931,0,0,0,0,0,0,0,0,0,0,0,0,0,0,0,0,0,294552
1931,0,0,0,0,0,0,0,0,0,0,0,0,0,0,0,0,1,1
1931,0,0,0,0,0,0,0,0,0,0,0,0,0,0,0,1,0,5031
1931,0,0,0,0,0,0,0,0,0,0,0,0,0,0,1,0,0,111
1931,0,0,0,0,0,0,0,0,0,0,0,0,0,1,0,0,0,221
1931,0,0,0,0,0,0,0,0,0,0,0,0,1,0,0,0,0,31
1931,0,0,0,0,0,0,0,0,0,0,0,1,0,0,0,0,0,116
1931,0,0,0,0,0,0,0,0,0,0,1,0,0,0,0,0,0,33
1931,0,0,0,0,0,0,0,0,0,1,0,0,0,0,0,0,0,32
1931,0,0,0,0,0,0,0,0,1,0,0,0,0,0,0,0,0,564
1931,0,0,0,0,0,0,0,1,0,0,0,0,0,0,0,0,0,225
1931,0,0,0,0,0,0,1,0,0,0,0,0,0,0,0,0,0,300
1931,0,0,0,0,0,1,0,0,0,0,0,0,0,0,0,0,0,9
1931,0,0,0,0,1,0,0,0,0,0,0,0,0,0,0,0,0,25
1931,0,0,0,1,0,0,0,0,0,0,0,0,0,0,0,0,0,492
1931,0,0,0,1,0,0,0,0,0,0,0,0,0,0,0,1,0,1
1931,0,0,1,0,0,0,0,0,0,0,0,0,0,0,0,0,0,229
1931,0,1,0,0,0,0,0,0,0,0,0,0,0,0,0,0,0,1483
1931,0,1,0,0,0,0,1,0,0,0,0,0,0,0,0,0,0,1
1931,0,1,0,1,0,0,0,0,0,0,0,0,0,0,0,0,0,1
1931,1,0,0,0,0,0,0,0,0,0,0,0,0,0,0,0,0,1618
1931,1,0,0,1,0,0,0,0,0,0,0,0,0,0,0,0,0,6
1932,0,0,0,0,0,0,0,0,0,0,0,0,0,0,0,0,0,55485
1932,0,0,0,0,0,0,0,0,0,0,0,0,0,0,0,0,1,9
1932,0,0,0,0,0,0,0,0,0,0,0,0,0,0,0,1,0,1629
1932,0,0,0,0,0,0,0,0,0,0,0,0,0,0,1,0,0,78
1932,0,0,0,0,0,0,0,0,0,0,0,0,0,1,0,0,0,57
1932,0,0,0,0,0,0,0,0,0,0,0,0,1,0,0,0,0,28
1932,0,0,0,0,0,0,0,0,0,0,0,1,0,0,0,0,0,108
1932,0,0,0,0,0,0,0,0,0,0,1,0,0,0,0,0,0,70
1932,0,0,0,0,0,0,0,0,0,1,0,0,0,0,0,0,0,140
1932,0,0,0,0,0,0,0,0,0,1,1,0,0,0,0,0,0,1
1932,0,0,0,0,0,0,0,0,1,0,0,0,0,0,0,0,0,313
1932,0,0,0,0,0,0,0,0,1,0,0,0,0,0,0,1,0,1
1932,0,0,0,0,0,0,0,1,0,0,0,0,0,0,0,0,0,96
1932,0,0,0,0,0,0,1,0,0,0,0,0,0,0,0,0,0,219
1932,0,0,0,0,0,1,0,0,0,0,0,0,0,0,0,0,0,2
1932,0,0,0,0,1,0,0,0,0,0,0,0,0,0,0,0,0,58
1932,0,0,0,1,0,0,0,0,0,0,0,0,0,0,0,0,0,742
1932,0,0,0,1,0,0,0,0,0,0,0,0,0,0,0,1,0,1
1932,0,0,0,1,0,0,1,0,0,0,0,0,0,0,0,0,0,1
1932,0,0,1,0,0,0,0,0,0,0,0,0,0,0,0,0,0,137
1932,0,1,0,0,0,0,0,0,0,0,0,0,0,0,0,0,0,937
1932,0,1,1,0,0,0,0,0,0,0,0,0,0,0,0,0,0,2
1932,1,0,0,0,0,0,0,0,0,0,0,0,0,0,0,0,0,5996
1932,1,0,0,1,0,0,0,0,0,0,0,0,0,0,0,0,0,3
1933,0,0,0,0,0,0,0,0,0,0,0,0,0,0,0,0,0,81703
1933,0,0,0,0,0,0,0,0,0,0,0,0,0,0,0,0,1,32
1933,0,0,0,0,0,0,0,0,0,0,0,0,0,0,0,1,0,929
1933,0,0,0,0,0,0,0,0,0,0,0,0,0,0,1,0,0,227
1933,0,0,0,0,0,0,0,0,0,0,0,0,0,1,0,0,0,101
1933,0,0,0,0,0,0,0,0,0,0,0,0,1,0,0,0,0,56
1933,0,0,0,0,0,0,0,0,0,0,0,0,1,0,0,1,0,1
1933,0,0,0,0,0,0,0,0,0,0,0,1,0,0,0,0,0,213
1933,0,0,0,0,0,0,0,0,0,0,1,0,0,0,0,0,0,53
1933,0,0,0,0,0,0,0,0,0,1,0,0,0,0,0,0,0,65
1933,0,0,0,0,0,0,0,0,1,0,0,0,0,0,0,0,0,355
1933,0,0,0,0,0,0,0,1,0,0,0,0,0,0,0,0,0,82
1933,0,0,0,0,0,0,1,0,0,0,0,0,0,0,0,0,0,337
1933,0,0,0,0,0,1,0,0,0,0,0,0,0,0,0,0,0,7
1933,0,0,0,0,1,0,0,0,0,0,0,0,0,0,0,0,0,47
1933,0,0,0,1,0,0,0,0,0,0,0,0,0,0,0,0,0,1318
1933,0,0,0,1,0,0,0,0,0,0,0,1,0,0,0,0,0,1
1933,0,0,0,1,0,1,0,0,0,0,0,0,0,0,0,0,0,1
1933,0,0,1,0,0,0,0,0,0,0,0,0,0,0,0,0,0,254
1933,0,0,1,0,0,0,0,0,0,0,0,0,0,0,0,1,0,1
1933,0,1,0,0,0,0,0,0,0,0,0,0,0,0,0,0,0,1983
1933,0,1,0,1,0,0,0,0,0,0,0,0,0,0,0,0,0,3
1933,0,1,1,0,0,0,0,0,0,0,0,0,0,0,0,0,0,1
1933,1,0,0,0,0,0,0,0,0,0,0,0,0,0,0,0,0,6036
1933,1,0,0,0,0,0,0,0,0,0,0,0,0,0,0,0,1,1
1933,1,0,0,1,0,0,0,0,0,0,0,0,0,0,0,0,0,13
1934,0,0,0,0,0,0,0,0,0,0,0,0,0,0,0,0,0,13919
1934,0,0,0,0,0,0,0,0,0,0,0,0,0,0,0,0,1,7
1934,0,0,0,0,0,0,0,0,0,0,0,0,0,0,0,1,0,212
1934,0,0,0,0,0,0,0,0,0,0,0,0,0,0,1,0,0,36
1934,0,0,0,0,0,0,0,0,0,0,0,0,0,1,0,0,0,34
1934,0,0,0,0,0,0,0,0,0,0,0,0,1,0,0,0,0,7
1934,0,0,0,0,0,0,0,0,0,0,0,1,0,0,0,0,0,47
1934,0,0,0,0,0,0,0,0,0,0,1,0,0,0,0,0,0,40
1934,0,0,0,0,0,0,0,0,0,1,0,0,0,0,0,0,0,29
1934,0,0,0,0,0,0,0,0,1,0,0,0,0,0,0,0,0,56
1934,0,0,0,0,0,0,0,1,0,0,0,0,0,0,0,0,0,3
1934,0,0,0,0,0,0,1,0,0,0,0,0,0,0,0,0,0,172
1934,0,0,0,0,0,1,0,0,0,0,0,0,0,0,0,0,0,8
1934,0,0,0,0,1,0,0,0,0,0,0,0,0,0,0,0,0,27
1934,0,0,0,1,0,0,0,0,0,0,0,0,0,0,0,0,0,179
1934,0,0,0,1,0,0,0,0,0,0,0,0,0,0,0,1,0,1
1934,0,0,1,0,0,0,0,0,0,0,0,0,0,0,0,0,0,453
1934,0,1,0,0,0,0,0,0,0,0,0,0,0,0,0,0,0,426
1934,0,1,0,0,0,0,1,0,0,0,0,0,0,0,0,0,0,1
1934,0,1,0,1,0,0,0,0,0,0,0,0,0,0,0,0,0,2
1934,0,1,1,0,0,0,0,0,0,0,0,0,0,0,0,0,0,2
1934,1,0,0,0,0,0,0,0,0,0,0,0,0,0,0,0,0,480
1935,0,0,0,0,0,0,0,0,0,0,0,0,0,0,0,0,0,38192
1935,0,0,0,0,0,0,0,0,0,0,0,0,0,0,0,0,1,9
1935,0,0,0,0,0,0,0,0,0,0,0,0,0,0,0,1,0,360
1935,0,0,0,0,0,0,0,0,0,0,0,0,0,0,1,0,0,71
1935,0,0,0,0,0,0,0,0,0,0,0,0,0,1,0,0,0,45
1935,0,0,0,0,0,0,0,0,0,0,0,0,1,0,0,0,0,34
1935,0,0,0,0,0,0,0,0,0,0,0,1,0,0,0,0,0,92
1935,0,0,0,0,0,0,0,0,0,0,1,0,0,0,0,0,0,57
1935,0,0,0,0,0,0,0,0,0,0,1,0,0,0,0,0,1,1
1935,0,0,0,0,0,0,0,0,0,1,0,0,0,0,0,0,0,51
1935,0,0,0,0,0,0,0,0,1,0,0,0,0,0,0,0,0,102
1935,0,0,0,0,0,0,0,1,0,0,0,0,0,0,0,0,0,29
1935,0,0,0,0,0,0,1,0,0,0,0,0,0,0,0,0,0,583
1935,0,0,0,0,0,0,1,0,0,0,0,1,0,0,0,0,0,1
1935,0,0,0,0,0,1,0,0,0,0,0,0,0,0,0,0,0,8
1935,0,0,0,0,1,0,0,0,0,0,0,0,0,0,0,0,0,123
1935,0,0,0,1,0,0,0,0,0,0,0,0,0,0,0,0,0,427
1935,0,0,0,1,0,0,0,0,0,0,0,0,0,0,0,0,1,1
1935,0,0,0,1,0,0,0,0,1,0,0,0,0,0,0,0,0,2
1935,0,0,1,0,0,0,0,0,0,0,0,0,0,0,0,0,0,498
1935,0,0,1,0,0,0,0,0,0,0,0,0,0,0,0,1,0,1
1935,0,0,1,0,0,0,0,0,0,0,0,0,0,0,1,0,0,2
1935,0,1,0,0,0,0,0,0,0,0,0,0,0,0,0,0,0,1040
1935,0,1,0,0,0,0,1,0,0,0,0,0,0,0,0,0,0,3
1935,0,1,0,1,0,0,0,0,0,0,0,0,0,0,0,0,0,3
1935,1,0,0,0,0,0,0,0,0,0,0,0,0,0,0,0,0,1336
1935,1,0,0,1,0,0,0,0,0,0,0,0,0,0,0,0,0,4
1936,0,0,0,0,0,0,0,0,0,0,0,0,0,0,0,0,0,26155
1936,0,0,0,0,0,0,0,0,0,0,0,0,0,0,0,0,1,9
1936,0,0,0,0,0,0,0,0,0,0,0,0,0,0,0,1,0,368
1936,0,0,0,0,0,0,0,0,0,0,0,0,0,0,1,0,0,119
1936,0,0,0,0,0,0,0,0,0,0,0,0,0,1,0,0,0,46
1936,0,0,0,0,0,0,0,0,0,0,0,0,1,0,0,0,0,77
1936,0,0,0,0,0,0,0,0,0,0,0,0,1,0,1,0,0,1
1936,0,0,0,0,0,0,0,0,0,0,0,1,0,0,0,0,0,148
1936,0,0,0,0,0,0,0,0,0,0,1,0,0,0,0,0,0,66
1936,0,0,0,0,0,0,0,0,0,1,0,0,0,0,0,0,0,61
1936,0,0,0,0,0,0,0,0,0,1,1,0,0,0,0,0,0,1
1936,0,0,0,0,0,0,0,0,1,0,0,0,0,0,0,0,0,92
1936,0,0,0,0,0,0,0,1,0,0,0,0,0,0,0,0,0,8
1936,0,0,0,0,0,0,1,0,0,0,0,0,0,0,0,0,0,2026
1936,0,0,0,0,0,1,0,0,0,0,0,0,0,0,0,0,0,20
1936,0,0,0,0,1,0,0,0,0,0,0,0,0,0,0,0,0,285
1936,0,0,0,0,1,0,0,0,0,1,0,0,0,0,0,0,0,1
1936,0,0,0,1,0,0,0,0,0,0,0,0,0,0,0,0,0,572
1936,0,0,0,1,0,0,0,0,0,0,0,0,0,0,0,0,1,1
1936,0,0,0,1,0,0,0,0,0,0,0,0,1,0,0,0,0,1
1936,0,0,1,0,0,0,0,0,0,0,0,0,0,0,0,0,0,528
1936,0,0,1,0,0,0,0,0,0,0,0,0,0,0,1,0,0,2
1936,0,0,1,0,0,0,1,0,0,0,0,0,0,0,0,0,0,1
1936,0,1,0,0,0,0,0,0,0,0,0,0,0,0,0,0,0,1329
1936,0,1,0,0,0,0,0,0,0,0,0,0,0,0,0,0,1,2
1936,0,1,0,0,0,0,0,0,0,0,0,0,1,0,0,0,0,17
1936,0,1,0,0,0,0,1,0,0,0,0,0,0,0,0,0,0,3
1936,1,0,0,0,0,0,0,0,0,0,0,0,0,0,0,0,0,1168
1936,1,0,0,1,0,0,0,0,0,0,0,0,0,0,0,0,0,4
1936,1,1,0,0,0,0,0,0,0,0,0,0,0,0,0,0,0,1
1937,0,0,0,0,0,0,0,0,0,0,0,0,0,0,0,0,0,293632
1937,0,0,0,0,0,0,0,0,0,0,0,0,0,0,0,0,1,68
1937,0,0,0,0,0,0,0,0,0,0,0,0,0,0,0,1,0,5764
1937,0,0,0,0,0,0,0,0,0,0,0,0,0,0,0,1,1,2
1937,0,0,0,0,0,0,0,0,0,0,0,0,0,0,1,0,0,2361
1937,0,0,0,0,0,0,0,0,0,0,0,0,0,0,1,0,1,14
1937,0,0,0,0,0,0,0,0,0,0,0,0,0,1,0,0,0,1006
1937,0,0,0,0,0,0,0,0,0,0,0,0,1,0,0,0,0,680
1937,0,0,0,0,0,0,0,0,0,0,0,0,1,0,1,0,0,1
1937,0,0,0,0,0,0,0,0,0,0,0,1,0,0,0,0,0,5939
1937,0,0,0,0,0,0,0,0,0,0,0,1,0,0,0,0,1,4
1937,0,0,0,0,0,0,0,0,0,0,0,1,1,0,0,0,0,1
1937,0,0,0,0,0,0,0,0,0,0,1,0,0,0,0,0,0,679
1937,0,0,0,0,0,0,0,0,0,1,0,0,0,0,0,0,0,342
1937,0,0,0,0,0,0,0,0,0,1,0,0,0,0,0,0,1,3
1937,0,0,0,0,0,0,0,0,1,0,0,0,0,0,0,0,0,1242
1937,0,0,0,0,0,0,0,1,0,0,0,0,0,0,0,0,0,894
1937,0,0,0,0,0,0,1,0,0,0,0,0,0,0,0,0,0,7286
1937,0,0,0,0,0,0,1,0,0,0,0,0,0,0,0,0,1,3
1937,0,0,0,0,0,0,1,0,0,0,0,0,1,0,0,0,0,2
1937,0,0,0,0,0,0,1,0,0,0,0,1,0,0,0,0,0,1
1937,0,0,0,0,0,0,1,0,0,1,0,0,0,0,0,0,0,2
1937,0,0,0,0,0,1,0,0,0,0,0,0,0,0,0,0,0,558
1937,0,0,0,0,1,0,0,0,0,0,0,0,0,0,0,0,0,508
1937,0,0,0,1,0,0,0,0,0,0,0,0,0,0,0,0,0,13649
1937,0,0,0,1,0,0,0,0,0,0,0,0,0,0,0,0,1,11
1937,0,0,0,1,0,0,0,0,0,0,0,0,0,0,0,1,0,5
1937,0,0,0,1,0,0,0,0,0,0,0,0,1,0,0,0,0,10
1937,0,0,0,1,0,0,0,0,0,0,0,1,0,0,0,0,0,5
1937,0,0,0,1,0,0,1,0,0,0,0,0,0,0,0,0,0,30
1937,0,0,0,1,0,1,0,0,0,0,0,0,0,0,0,0,0,7
1937,0,0,1,0,0,0,0,0,0,0,0,0,0,0,0,0,0,5268
1937,0,0,1,0,0,0,0,0,0,0,0,0,0,0,0,0,1,3
1937,0,0,1,0,0,0,0,0,0,0,0,0,0,0,0,1,0,1
1937,0,0,1,0,0,0,0,0,0,0,0,0,0,0,1,0,0,4
1937,0,0,1,0,0,0,0,0,0,0,0,1,0,0,0,0,0,16
1937,0,0,1,0,0,0,0,0,0,1,0,0,0,0,0,0,0,2
1937,0,0,1,0,0,0,0,1,0,0,0,0,0,0,0,0,0,1
1937,0,0,1,0,0,0,1,0,0,0,0,0,0,0,0,0,0,10
1937,0,0,1,1,0,0,0,0,0,0,0,0,0,0,0,0,0,14
1937,0,0,1,1,0,0,1,0,0,0,0,0,0,0,0,0,0,1
1937,0,1,0,0,0,0,0,0,0,0,0,0,0,0,0,0,0,14493
1937,0,1,0,0,0,0,0,0,0,0,0,0,0,0,0,0,1,2
1937,0,1,0,0,0,0,0,0,0,0,0,0,0,0,1,0,0,1
1937,0,1,0,0,0,0,0,0,0,0,0,0,1,0,0,0,0,4
1937,0,1,0,0,0,0,0,0,0,0,0,1,0,0,0,0,0,1
1937,0,1,0,0,0,0,0,0,0,1,0,0,0,0,0,0,0,1
1937,0,1,0,0,0,0,0,1,0,0,0,0,0,0,0,0,0,1
1937,0,1,0,0,0,0,1,0,0,0,0,0,0,0,0,0,0,4
1937,0,1,0,1,0,0,0,0,0,0,0,0,0,0,0,0,0,34
1937,0,1,1,0,0,0,0,0,0,0,0,0,0,0,0,0,0,9
1937,0,1,1,1,0,0,1,0,0,0,0,0,0,0,0,0,0,1
1937,1,0,0,0,0,0,0,0,0,0,0,0,0,0,0,0,0,19252
1937,1,0,0,0,0,0,0,0,0,0,0,0,0,0,0,0,1,14
1937,1,0,0,0,0,0,0,0,0,0,0,1,0,0,0,0,0,2
1937,1,0,0,0,0,0,1,0,0,0,0,0,0,0,0,0,0,1
1937,1,0,0,1,0,0,0,0,0,0,0,0,0,0,0,0,0,66
1937,1,0,0,1,0,0,0,0,0,0,0,1,0,0,0,0,0,1
1937,1,0,1,0,0,0,0,0,0,0,0,0,0,0,0,0,0,1
1937,1,1,0,0,0,0,0,0,0,0,0,0,0,0,0,0,0,5
1938,0,0,0,0,0,0,0,0,0,0,0,0,0,0,0,0,0,145585
1938,0,0,0,0,0,0,0,0,0,0,0,0,0,0,0,0,1,82
1938,0,0,0,0,0,0,0,0,0,0,0,0,0,0,0,1,0,2458
1938,0,0,0,0,0,0,0,0,0,0,0,0,0,0,1,0,0,3296
1938,0,0,0,0,0,0,0,0,0,0,0,0,0,0,1,0,1,2
1938,0,0,0,0,0,0,0,0,0,0,0,0,0,1,0,0,0,147
1938,0,0,0,0,0,0,0,0,0,0,0,0,1,0,0,0,0,668
1938,0,0,0,0,0,0,0,0,0,0,0,1,0,0,0,0,0,4636
1938,0,0,0,0,0,0,0,0,0,0,0,1,0,0,0,0,1,2
1938,0,0,0,0,0,0,0,0,0,0,1,0,0,0,0,0,0,1244
1938,0,0,0,0,0,0,0,0,0,1,0,0,0,0,0,0,0,4532
1938,0,0,0,0,0,0,0,0,0,1,0,0,0,0,0,0,1,68
1938,0,0,0,0,0,0,0,0,0,1,1,0,0,0,0,0,0,1
1938,0,0,0,0,0,0,0,0,1,0,0,0,0,0,0,0,0,494
1938,0,0,0,0,0,0,0,1,0,0,0,0,0,0,0,0,0,192
1938,0,0,0,0,0,0,1,0,0,0,0,0,0,0,0,0,0,4215
1938,0,0,0,0,0,0,1,0,0,0,0,0,0,0,0,0,1,7
1938,0,0,0,0,0,0,1,0,0,0,0,0,0,0,0,1,0,1
1938,0,0,0,0,0,0,1,0,0,0,0,0,0,0,1,0,0,1
1938,0,0,0,0,0,1,0,0,0,0,0,0,0,0,0,0,0,638
1938,0,0,0,0,1,0,0,0,0,0,0,0,0,0,0,0,0,453
1938,0,0,0,1,0,0,0,0,0,0,0,0,0,0,0,0,0,10338
1938,0,0,0,1,0,0,0,0,0,0,0,0,0,0,0,0,1,8
1938,0,0,0,1,0,0,0,0,0,0,0,0,0,0,0,1,0,9
1938,0,0,0,1,0,0,0,0,0,0,0,0,0,0,1,0,0,2
1938,0,0,0,1,0,0,0,0,0,0,0,0,1,0,0,0,0,2
1938,0,0,0,1,0,0,0,0,0,0,0,1,0,0,0,0,0,5
1938,0,0,0,1,0,0,0,0,0,1,0,0,0,0,0,0,0,1
1938,0,0,0,1,0,0,1,0,0,0,0,0,0,0,0,0,0,7
1938,0,0,0,1,0,1,0,0,0,0,0,0,0,0,0,0,0,4
1938,0,0,1,0,0,0,0,0,0,0,0,0,0,0,0,0,0,7509
1938,0,0,1,0,0,0,0,0,0,0,0,0,0,0,0,0,1,2
1938,0,0,1,0,0,0,0,0,0,0,0,0,0,0,1,0,0,1
1938,0,0,1,0,0,0,0,0,0,0,0,1,0,0,0,0,0,7
1938,0,0,1,0,0,0,1,0,0,0,0,0,0,0,0,0,0,7
1938,0,0,1,1,0,0,0,0,0,0,0,0,0,0,0,0,0,8
1938,0,1,0,0,0,0,0,0,0,0,0,0,0,0,0,0,0,9913
1938,0,1,0,0,0,0,0,0,0,0,0,0,0,0,0,0,1,4
1938,0,1,0,0,0,0,0,0,0,0,0,0,0,0,1,0,0,2
1938,0,1,0,0,0,0,0,0,0,0,0,0,1,0,0,0,0,1
1938,0,1,0,1,0,0,0,0,0,0,0,0,0,0,0,0,0,11
1938,0,1,1,0,0,0,0,0,0,0,0,0,0,0,0,0,0,10
1938,0,1,1,0,0,0,1,0,0,0,0,0,0,0,0,0,0,1
1938,1,0,0,0,0,0,0,0,0,0,0,0,0,0,0,0,0,8000
1938,1,0,0,0,0,0,0,0,0,0,0,0,0,0,0,0,1,8
1938,1,0,0,0,0,0,0,0,0,0,0,1,0,0,0,0,0,1
1938,1,0,0,1,0,0,0,0,0,0,0,0,0,0,0,0,0,13
1938,1,0,1,0,0,0,0,0,0,0,0,0,0,0,0,0,0,1
1939,0,0,0,0,0,0,0,0,0,0,0,0,0,0,0,0,0,10836
1939,0,0,0,0,0,0,0,0,0,0,0,0,0,0,0,0,1,4
1939,0,0,0,0,0,0,0,0,0,0,0,0,0,0,0,1,0,208
1939,0,0,0,0,0,0,0,0,0,0,0,0,0,0,1,0,0,31
1939,0,0,0,0,0,0,0,0,0,0,0,0,0,1,0,0,0,44
1939,0,0,0,0,0,0,0,0,0,0,0,0,1,0,0,0,0,29
1939,0,0,0,0,0,0,0,0,0,0,0,1,0,0,0,0,0,70
1939,0,0,0,0,0,0,0,0,0,0,1,0,0,0,0,0,0,28
1939,0,0,0,0,0,0,0,0,0,1,0,0,0,0,0,0,0,236
1939,0,0,0,0,0,0,0,0,1,0,0,0,0,0,0,0,0,52
1939,0,0,0,0,0,0,0,1,0,0,0,0,0,0,0,0,0,6
1939,0,0,0,0,0,0,1,0,0,0,0,0,0,0,0,0,0,490
1939,0,0,0,0,0,1,0,0,0,0,0,0,0,0,0,0,0,31
1939,0,0,0,0,1,0,0,0,0,0,0,0,0,0,0,0,0,64
1939,0,0,0,1,0,0,0,0,0,0,0,0,0,0,0,0,0,1622
1939,0,0,0,1,0,0,0,0,0,0,0,0,0,0,0,1,0,1
1939,0,0,1,0,0,0,0,0,0,0,0,0,0,0,0,0,0,139
1939,0,0,1,1,0,0,0,0,0,0,0,0,0,0,0,0,0,1
1939,0,1,0,0,0,0,0,0,0,0,0,0,0,0,0,0,0,671
1939,1,0,0,0,0,0,0,0,0,0,0,0,0,0,0,0,0,1514
1939,1,0,0,1,0,0,0,0,0,0,0,0,0,0,0,0,0,10
1940,0,0,0,0,0,0,0,0,0,0,0,0,0,0,0,0,0,30822
1940,0,0,0,0,0,0,0,0,0,0,0,0,0,0,0,0,1,6
1940,0,0,0,0,0,0,0,0,0,0,0,0,0,0,0,1,0,348
1940,0,0,0,0,0,0,0,0,0,0,0,0,0,0,1,0,0,172
1940,0,0,0,0,0,0,0,0,0,0,0,0,0,1,0,0,0,58
1940,0,0,0,0,0,0,0,0,0,0,0,0,1,0,0,0,0,79
1940,0,0,0,0,0,0,0,0,0,0,0,1,0,0,0,0,0,146
1940,0,0,0,0,0,0,0,0,0,0,1,0,0,0,0,0,0,10
1940,0,0,0,0,0,0,0,0,0,1,0,0,0,0,0,0,0,107
1940,0,0,0,0,0,0,0,0,1,0,0,0,0,0,0,0,0,91
1940,0,0,0,0,0,0,0,1,0,0,0,0,0,0,0,0,0,10
1940,0,0,0,0,0,0,1,0,0,0,0,0,0,0,0,0,0,8798
1940,0,0,0,0,0,0,1,0,0,0,0,0,0,0,0,0,1,5
1940,0,0,0,0,0,1,0,0,0,0,0,0,0,0,0,0,0,7
1940,0,0,0,0,1,0,0,0,0,0,0,0,0,0,0,0,0,18
1940,0,0,0,1,0,0,0,0,0,0,0,0,0,0,0,0,0,12047
1940,0,0,0,1,0,0,0,0,0,0,0,0,0,0,0,0,1,2
1940,0,0,0,1,0,0,0,0,0,0,0,0,0,0,0,1,0,2
1940,0,0,0,1,0,0,0,0,0,0,0,0,1,0,0,0,0,2
1940,0,0,0,1,0,0,1,0,0,0,0,0,0,0,0,0,0,2
1940,0,0,1,0,0,0,0,0,0,0,0,0,0,0,0,0,0,197
1940,0,0,1,0,0,0,1,0,0,0,0,0,0,0,0,0,0,1
1940,0,0,1,1,0,0,0,0,0,0,0,0,0,0,0,0,0,1
1940,0,1,0,0,0,0,0,0,0,0,0,0,0,0,0,0,0,1435
1940,0,1,0,0,0,0,0,0,0,0,0,0,0,0,0,0,1,1
1940,1,0,0,0,0,0,0,0,0,0,0,0,0,0,0,0,0,4355
1940,1,0,0,0,0,0,1,0,0,0,0,0,0,0,0,0,0,1
1940,1,0,0,1,0,0,0,0,0,0,0,0,0,0,0,0,0,3
1940,1,0,1,0,0,0,0,0,0,0,0,0,0,0,0,0,0,1
1941,0,0,0,0,0,0,0,0,0,0,0,0,0,0,0,0,0,99255
1941,0,0,0,0,0,0,0,0,0,0,0,0,0,0,0,0,1,21
1941,0,0,0,0,0,0,0,0,0,0,0,0,0,0,0,1,0,861
1941,0,0,0,0,0,0,0,0,0,0,0,0,0,0,1,0,0,141
1941,0,0,0,0,0,0,0,0,0,0,0,0,0,1,0,0,0,52
1941,0,0,0,0,0,0,0,0,0,0,0,0,1,0,0,0,0,185
1941,0,0,0,0,0,0,0,0,0,0,0,0,1,0,0,0,1,1
1941,0,0,0,0,0,0,0,0,0,0,0,1,0,0,0,0,0,335
1941,0,0,0,0,0,0,0,0,0,0,0,1,1,0,0,0,0,1
1941,0,0,0,0,0,0,0,0,0,0,1,0,0,0,0,0,0,38
1941,0,0,0,0,0,0,0,0,0,1,0,0,0,0,0,0,0,112
1941,0,0,0,0,0,0,0,0,1,0,0,0,0,0,0,0,0,213
1941,0,0,0,0,0,0,0,1,0,0,0,0,0,0,0,0,0,21
1941,0,0,0,0,0,0,1,0,0,0,0,0,0,0,0,0,0,1104
1941,0,0,0,0,0,0,1,0,0,0,0,0,0,0,0,0,1,1
1941,0,0,0,0,0,1,0,0,0,0,0,0,0,0,0,0,0,28
1941,0,0,0,0,1,0,0,0,0,0,0,0,0,0,0,0,0,85
1941,0,0,0,1,0,0,0,0,0,0,0,0,0,0,0,0,0,2284
1941,0,0,0,1,0,0,0,0,0,0,0,0,0,0,0,0,1,1
1941,0,0,0,1,0,0,1,0,0,0,0,0,0,0,0,0,0,2
1941,0,0,1,0,0,0,0,0,0,0,0,0,0,0,0,0,0,14479
1941,0,0,1,0,0,0,0,0,0,0,0,1,0,0,0,0,0,2
1941,0,0,1,0,0,0,1,0,0,0,0,0,0,0,0,0,0,3
1941,0,0,1,1,0,0,0,0,0,0,0,0,0,0,0,0,0,4
1941,0,1,0,0,0,0,0,0,0,0,0,0,0,0,0,0,0,2691
1941,0,1,0,0,0,0,1,0,0,0,0,0,0,0,0,0,0,1
1941,0,1,0,1,0,0,0,0,0,0,0,0,0,0,0,0,0,3
1941,0,1,1,0,0,0,0,0,0,0,0,0,0,0,0,0,0,2
1941,1,0,0,0,0,0,0,0,0,0,0,0,0,0,0,0,0,1217
1941,1,0,0,0,0,0,0,0,0,0,0,0,0,0,0,0,1,1
1941,1,0,0,1,0,0,0,0,0,0,0,0,0,0,0,0,0,5
1942,0,0,0,0,0,0,0,0,0,0,0,0,0,0,0,0,0,67859
1942,0,0,0,0,0,0,0,0,0,0,0,0,0,0,0,0,1,16
1942,0,0,0,0,0,0,0,0,0,0,0,0,0,0,0,1,0,1020
1942,0,0,0,0,0,0,0,0,0,0,0,0,0,0,1,0,0,208
1942,0,0,0,0,0,0,0,0,0,0,0,0,0,1,0,0,0,172
1942,0,0,0,0,0,0,0,0,0,0,0,0,1,0,0,0,0,56
1942,0,0,0,0,0,0,0,0,0,0,0,1,0,0,0,0,0,138
1942,0,0,0,0,0,0,0,0,0,0,1,0,0,0,0,0,0,20
1942,0,0,0,0,0,0,0,0,0,1,0,0,0,0,0,0,0,81
1942,0,0,0,0,0,0,0,0,1,0,0,0,0,0,0,0,0,271
1942,0,0,0,0,0,0,0,1,0,0,0,0,0,0,0,0,0,5
1942,0,0,0,0,0,0,1,0,0,0,0,0,0,0,0,0,0,601
1942,0,0,0,0,0,0,1,0,0,0,0,0,0,0,0,0,1,1
1942,0,0,0,0,0,1,0,0,0,0,0,0,0,0,0,0,0,68
1942,0,0,0,0,1,0,0,0,0,0,0,0,0,0,0,0,0,101
1942,0,0,0,1,0,0,0,0,0,0,0,0,0,0,0,0,0,450
1942,0,0,0,1,0,0,0,0,0,0,0,0,0,0,0,0,1,1
1942,0,0,0,1,0,0,1,0,0,0,0,0,0,0,0,0,0,2
1942,0,0,1,0,0,0,0,0,0,0,0,0,0,0,0,0,0,2961
1942,0,0,1,0,0,0,0,0,0,0,0,1,0,0,0,0,0,1
1942,0,0,1,0,0,0,1,0,0,0,0,0,0,0,0,0,0,1
1942,0,0,1,1,0,0,0,0,0,0,0,0,0,0,0,0,0,3
1942,0,1,0,0,0,0,0,0,0,0,0,0,0,0,0,0,0,2352
1942,0,1,0,0,0,0,0,0,0,0,0,0,0,0,0,0,1,1
1942,0,1,0,0,0,0,0,0,0,0,0,0,0,0,0,1,0,2
1942,0,1,0,0,0,0,0,0,1,0,0,0,0,0,0,0,0,1
1942,0,1,0,1,0,0,0,0,0,0,0,0,0,0,0,0,0,2
1942,1,0,0,0,0,0,0,0,0,0,0,0,0,0,0,0,0,590
1942,1,0,0,0,0,0,1,0,0,0,0,0,0,0,0,0,0,1
1942,1,0,0,1,0,0,0,0,0,0,0,0,0,0,0,0,0,2
1942,1,0,1,0,0,0,0,0,0,0,0,0,0,0,0,0,0,1
1943,0,0,0,0,0,0,0,0,0,0,0,0,0,0,0,0,0,26986
1943,0,0,0,0,0,0,0,0,0,0,0,0,0,0,0,0,1,10
1943,0,0,0,0,0,0,0,0,0,0,0,0,0,0,0,1,0,486
1943,0,0,0,0,0,0,0,0,0,0,0,0,0,0,1,0,0,91
1943,0,0,0,0,0,0,0,0,0,0,0,0,0,1,0,0,0,216
1943,0,0,0,0,0,0,0,0,0,0,0,0,1,0,0,0,0,29
1943,0,0,0,0,0,0,0,0,0,0,0,1,0,0,0,0,0,94
1943,0,0,0,0,0,0,0,0,0,0,1,0,0,0,0,0,0,11
1943,0,0,0,0,0,0,0,0,0,1,0,0,0,0,0,0,0,90
1943,0,0,0,0,0,0,0,0,1,0,0,0,0,0,0,0,0,309
1943,0,0,0,0,0,0,0,1,0,0,0,0,0,0,0,0,0,10
1943,0,0,0,0,0,0,1,0,0,0,0,0,0,0,0,0,0,379
1943,0,0,0,0,0,1,0,0,0,0,0,0,0,0,0,0,0,18
1943,0,0,0,0,1,0,0,0,0,0,0,0,0,0,0,0,0,139
1943,0,0,0,1,0,0,0,0,0,0,0,0,0,0,0,0,0,530
1943,0,0,0,1,0,0,0,0,0,0,0,0,0,0,0,0,1,1
1943,0,0,0,1,0,0,1,0,0,0,0,0,0,0,0,0,0,1
1943,0,0,1,0,0,0,0,0,0,0,0,0,0,0,0,0,0,992
1943,0,0,1,0,0,0,0,0,0,0,0,0,0,1,0,0,0,1
1943,0,0,1,0,0,0,0,0,0,0,0,1,0,0,0,0,0,3
1943,0,0,1,0,0,0,1,0,0,0,0,0,0,0,0,0,0,1
1943,0,1,0,0,0,0,0,0,0,0,0,0,0,0,0,0,0,1550
1943,0,1,0,1,0,0,0,0,0,0,0,0,0,0,0,0,0,3
1943,1,0,0,0,0,0,0,0,0,0,0,0,0,0,0,0,0,411
1943,1,0,0,1,0,0,0,0,0,0,0,0,0,0,0,0,0,2
1944,0,0,0,0,0,0,0,0,0,0,0,0,0,0,0,0,0,31985
1944,0,0,0,0,0,0,0,0,0,0,0,0,0,0,0,0,1,88
1944,0,0,0,0,0,0,0,0,0,0,0,0,0,0,0,1,0,282
1944,0,0,0,0,0,0,0,0,0,0,0,0,0,0,1,0,0,80
1944,0,0,0,0,0,0,0,0,0,0,0,0,0,1,0,0,0,55
1944,0,0,0,0,0,0,0,0,0,0,0,0,1,0,0,0,0,45
1944,0,0,0,0,0,0,0,0,0,0,0,1,0,0,0,0,0,56
1944,0,0,0,0,0,0,0,0,0,0,1,0,0,0,0,0,0,9
1944,0,0,0,0,0,0,0,0,0,1,0,0,0,0,0,0,0,35
1944,0,0,0,0,0,0,0,0,1,0,0,0,0,0,0,0,0,163
1944,0,0,0,0,0,0,1,0,0,0,0,0,0,0,0,0,0,245
1944,0,0,0,0,0,1,0,0,0,0,0,0,0,0,0,0,0,12
1944,0,0,0,0,1,0,0,0,0,0,0,0,0,0,0,0,0,28
1944,0,0,0,1,0,0,0,0,0,0,0,0,0,0,0,0,0,1674
1944,0,0,0,1,0,0,1,0,0,0,0,0,0,0,0,0,0,4
1944,0,0,1,0,0,0,0,0,0,0,0,0,0,0,0,0,0,566
1944,0,1,0,0,0,0,0,0,0,0,0,0,0,0,0,0,0,902
1944,0,1,0,1,0,0,0,0,0,0,0,0,0,0,0,0,0,8
1944,0,1,1,0,0,0,0,0,0,0,0,0,0,0,0,0,0,1
1944,1,0,0,0,0,0,0,0,0,0,0,0,0,0,0,0,0,2685
1944,1,0,0,0,0,0,0,0,0,0,0,0,0,0,0,0,1,4
1944,1,0,0,1,0,0,0,0,0,0,0,0,0,0,0,0,0,11
1945,0,0,0,0,0,0,0,0,0,0,0,0,0,0,0,0,0,14297
1945,0,0,0,0,0,0,0,0,0,0,0,0,0,0,0,0,1,89
1945,0,0,0,0,0,0,0,0,0,0,0,0,0,0,0,1,0,224
1945,0,0,0,0,0,0,0,0,0,0,0,0,0,0,1,0,0,67
1945,0,0,0,0,0,0,0,0,0,0,0,0,0,1,0,0,0,18
1945,0,0,0,0,0,0,0,0,0,0,0,0,1,0,0,0,0,51
1945,0,0,0,0,0,0,0,0,0,0,0,1,0,0,0,0,0,40
1945,0,0,0,0,0,0,0,0,0,0,1,0,0,0,0,0,0,9
1945,0,0,0,0,0,0,0,0,0,1,0,0,0,0,0,0,0,127
1945,0,0,0,0,0,0,0,0,1,0,0,0,0,0,0,0,0,118
1945,0,0,0,0,0,0,0,1,0,0,0,0,0,0,0,0,0,1
1945,0,0,0,0,0,0,1,0,0,0,0,0,0,0,0,0,0,157
1945,0,0,0,0,0,1,0,0,0,0,0,0,0,0,0,0,0,17
1945,0,0,0,0,1,0,0,0,0,0,0,0,0,0,0,0,0,40
1945,0,0,0,1,0,0,0,0,0,0,0,0,0,0,0,0,0,1957
1945,0,0,1,0,0,0,0,0,0,0,0,0,0,0,0,0,0,592
1945,0,0,1,1,0,0,0,0,0,0,0,0,0,0,0,0,0,2
1945,0,1,0,0,0,0,0,0,0,0,0,0,0,0,0,0,0,945
1945,0,1,0,0,0,0,0,0,0,0,0,0,1,0,0,0,0,7
1945,0,1,0,1,0,0,0,0,0,0,0,0,0,0,0,0,0,6
1945,1,0,0,0,0,0,0,0,0,0,0,0,0,0,0,0,0,1673
1945,1,0,0,0,0,0,0,0,0,0,0,0,0,0,0,0,1,1
1945,1,0,0,1,0,0,0,0,0,0,0,0,0,0,0,0,0,14
1945,1,1,0,0,0,0,0,0,0,0,0,0,0,0,0,0,0,1
1946,0,0,0,0,0,0,0,0,0,0,0,0,0,0,0,0,0,9541
1946,0,0,0,0,0,0,0,0,0,0,0,0,0,0,0,0,1,48
1946,0,0,0,0,0,0,0,0,0,0,0,0,0,0,0,1,0,123
1946,0,0,0,0,0,0,0,0,0,0,0,0,0,0,1,0,0,24
1946,0,0,0,0,0,0,0,0,0,0,0,0,0,1,0,0,0,10
1946,0,0,0,0,0,0,0,0,0,0,0,0,1,0,0,0,0,45
1946,0,0,0,0,0,0,0,0,0,0,0,1,0,0,0,0,0,23
1946,0,0,0,0,0,0,0,0,0,0,1,0,0,0,0,0,0,56
1946,0,0,0,0,0,0,0,0,0,1,0,0,0,0,0,0,0,70
1946,0,0,0,0,0,0,0,0,1,0,0,0,0,0,0,0,0,84
1946,0,0,0,0,0,0,1,0,0,0,0,0,0,0,0,0,0,63
1946,0,0,0,0,0,1,0,0,0,0,0,0,0,0,0,0,0,6
1946,0,0,0,0,1,0,0,0,0,0,0,0,0,0,0,0,0,20
1946,0,0,0,1,0,0,0,0,0,0,0,0,0,0,0,0,0,969
1946,0,0,1,0,0,0,0,0,0,0,0,0,0,0,0,0,0,547
1946,0,0,1,1,0,0,0,0,0,0,0,0,0,0,0,0,0,2
1946,0,1,0,0,0,0,0,0,0,0,0,0,0,0,0,0,0,643
1946,0,1,0,1,0,0,0,0,0,0,0,0,0,0,0,0,0,1
1946,1,0,0,0,0,0,0,0,0,0,0,0,0,0,0,0,0,610
1946,1,0,0,0,0,0,0,0,0,0,0,0,0,0,0,0,1,1
1946,1,0,0,1,0,0,0,0,0,0,0,0,0,0,0,0,0,2
1947,0,0,0,0,0,0,0,0,0,0,0,0,0,0,0,0,0,5782
1947,0,0,0,0,0,0,0,0,0,0,0,0,0,0,0,0,1,35
1947,0,0,0,0,0,0,0,0,0,0,0,0,0,0,0,1,0,84
1947,0,0,0,0,0,0,0,0,0,0,0,0,0,0,1,0,0,13
1947,0,0,0,0,0,0,0,0,0,0,0,0,0,1,0,0,0,3
1947,0,0,0,0,0,0,0,0,0,0,0,0,1,0,0,0,0,27
1947,0,0,0,0,0,0,0,0,0,0,0,1,0,0,0,0,0,15
1947,0,0,0,0,0,0,0,0,0,0,1,0,0,0,0,0,0,6
1947,0,0,0,0,0,0,0,0,0,1,0,0,0,0,0,0,0,9
1947,0,0,0,0,0,0,0,0,1,0,0,0,0,0,0,0,0,49
1947,0,0,0,0,0,0,0,1,0,0,0,0,0,0,0,0,0,2
1947,0,0,0,0,0,0,1,0,0,0,0,0,0,0,0,0,0,52
1947,0,0,0,0,0,1,0,0,0,0,0,0,0,0,0,0,0,4
1947,0,0,0,0,1,0,0,0,0,0,0,0,0,0,0,0,0,16
1947,0,0,0,1,0,0,0,0,0,0,0,0,0,0,0,0,0,413
1947,0,0,0,1,0,0,0,0,0,0,0,0,1,0,0,0,0,1
1947,0,0,1,0,0,0,0,0,0,0,0,0,0,0,0,0,0,406
1947,0,1,0,0,0,0,0,0,0,0,0,0,0,0,0,0,0,418
1947,0,1,0,1,0,0,0,0,0,0,0,0,0,0,0,0,0,3
1947,1,0,0,0,0,0,0,0,0,0,0,0,0,0,0,0,0,374
1947,1,0,0,1,0,0,0,0,0,0,0,0,0,0,0,0,0,1
1947,1,0,1,0,0,0,0,0,0,0,0,0,0,0,0,0,0,1
1947,1,1,0,0,0,0,0,0,0,0,0,0,0,0,0,0,0,1
1948,0,0,0,0,0,0,0,0,0,0,0,0,0,0,0,0,0,6269
1948,0,0,0,0,0,0,0,0,0,0,0,0,0,0,0,0,1,21
1948,0,0,0,0,0,0,0,0,0,0,0,0,0,0,0,1,0,108
1948,0,0,0,0,0,0,0,0,0,0,0,0,0,0,1,0,0,15
1948,0,0,0,0,0,0,0,0,0,0,0,0,0,1,0,0,0,13
1948,0,0,0,0,0,0,0,0,0,0,0,0,1,0,0,0,0,32
1948,0,0,0,0,0,0,0,0,0,0,0,1,0,0,0,0,0,12
1948,0,0,0,0,0,0,0,0,0,0,1,0,0,0,0,0,0,5
1948,0,0,0,0,0,0,0,0,0,1,0,0,0,0,0,0,0,10
1948,0,0,0,0,0,0,0,0,1,0,0,0,0,0,0,0,0,28
1948,0,0,0,0,0,0,0,1,0,0,0,0,0,0,0,0,0,3
1948,0,0,0,0,0,0,1,0,0,0,0,0,0,0,0,0,0,118
1948,0,0,0,0,0,0,1,0,0,0,0,0,0,0,0,0,1,1
1948,0,0,0,0,0,1,0,0,0,0,0,0,0,0,0,0,0,10
1948,0,0,0,0,1,0,0,0,0,0,0,0,0,0,0,0,0,14
1948,0,0,0,1,0,0,0,0,0,0,0,0,0,0,0,0,0,515
1948,0,0,0,1,0,0,0,0,1,0,0,0,0,0,0,0,0,1
1948,0,0,1,0,0,0,0,0,0,0,0,0,0,0,0,0,0,243
1948,0,0,1,0,0,0,1,0,0,0,0,0,0,0,0,0,0,1
1948,0,1,0,0,0,0,0,0,0,0,0,0,0,0,0,0,0,345
1948,0,1,0,0,0,0,0,0,0,0,0,0,0,0,0,0,1,1
1948,0,1,0,1,0,0,0,0,0,0,0,0,0,0,0,0,0,2
1948,1,0,0,0,0,0,0,0,0,0,0,0,0,0,0,0,0,350
1948,1,0,0,0,0,0,0,0,0,0,0,0,0,0,0,0,1,1
1948,1,0,0,0,0,0,0,0,0,0,0,0,1,0,0,0,0,1
1948,1,0,1,0,0,0,0,0,0,0,0,0,0,0,0,0,0,1
1949,0,0,0,0,0,0,0,0,0,0,0,0,0,0,0,0,0,10729
1949,0,0,0,0,0,0,0,0,0,0,0,0,0,0,0,0,1,28
1949,0,0,0,0,0,0,0,0,0,0,0,0,0,0,0,1,0,137
1949,0,0,0,0,0,0,0,0,0,0,0,0,0,0,1,0,0,11
1949,0,0,0,0,0,0,0,0,0,0,0,0,0,1,0,0,0,39
1949,0,0,0,0,0,0,0,0,0,0,0,0,1,0,0,0,0,33
1949,0,0,0,0,0,0,0,0,0,0,0,1,0,0,0,0,0,28
1949,0,0,0,0,0,0,0,0,0,0,1,0,0,0,0,0,0,7
1949,0,0,0,0,0,0,0,0,0,1,0,0,0,0,0,0,0,31
1949,0,0,0,0,0,0,0,0,1,0,0,0,0,0,0,0,0,21
1949,0,0,0,0,0,0,1,0,0,0,0,0,0,0,0,0,0,223
1949,0,0,0,0,0,1,0,0,0,0,0,0,0,0,0,0,0,7
1949,0,0,0,0,1,0,0,0,0,0,0,0,0,0,0,0,0,10
1949,0,0,0,1,0,0,0,0,0,0,0,0,0,0,0,0,0,544
1949,0,0,1,0,0,0,0,0,0,0,0,0,0,0,0,0,0,192
1949,0,1,0,0,0,0,0,0,0,0,0,0,0,0,0,0,0,355
1949,0,1,0,0,0,0,1,0,0,0,0,0,0,0,0,0,0,1
1949,1,0,0,0,0,0,0,0,0,0,0,0,0,0,0,0,0,584
1949,1,0,0,1,0,0,0,0,0,0,0,0,0,0,0,0,0,1
1950,0,0,0,0,0,0,0,0,0,0,0,0,0,0,0,0,0,6848
1950,0,0,0,0,0,0,0,0,0,0,0,0,0,0,0,0,1,51
1950,0,0,0,0,0,0,0,0,0,0,0,0,0,0,0,1,0,103
1950,0,0,0,0,0,0,0,0,0,0,0,0,0,0,1,0,0,15
1950,0,0,0,0,0,0,0,0,0,0,0,0,0,1,0,0,0,11
1950,0,0,0,0,0,0,0,0,0,0,0,0,1,0,0,0,0,53
1950,0,0,0,0,0,0,0,0,0,0,0,1,0,0,0,0,0,51
1950,0,0,0,0,0,0,0,0,0,0,1,0,0,0,0,0,0,7
1950,0,0,0,0,0,0,0,0,0,1,0,0,0,0,0,0,0,9
1950,0,0,0,0,0,0,0,0,1,0,0,0,0,0,0,0,0,18
1950,0,0,0,0,0,0,0,1,0,0,0,0,0,0,0,0,0,2
1950,0,0,0,0,0,0,1,0,0,0,0,0,0,0,0,0,0,141
1950,0,0,0,0,0,1,0,0,0,0,0,0,0,0,0,0,0,5
1950,0,0,0,0,1,0,0,0,0,0,0,0,0,0,0,0,0,15
1950,0,0,0,1,0,0,0,0,0,0,0,0,0,0,0,0,0,268
1950,0,0,1,0,0,0,0,0,0,0,0,0,0,0,0,0,0,194
1950,0,0,1,0,0,0,1,0,0,0,0,0,0,0,0,0,0,1
1950,0,0,1,0,0,1,0,0,0,0,0,0,0,0,0,0,0,1
1950,0,1,0,0,0,0,0,0,0,0,0,0,0,0,0,0,0,321
1950,1,0,0,0,0,0,0,0,0,0,0,0,0,0,0,0,0,453
1950,1,0,0,0,0,0,0,0,0,0,0,0,0,0,0,0,1,1
1950,1,0,0,1,0,0,0,0,0,0,0,0,0,0,0,0,0,1
1951,0,0,0,0,0,0,0,0,0,0,0,0,0,0,0,0,0,4754
1951,0,0,0,0,0,0,0,0,0,0,0,0,0,0,0,0,1,59
1951,0,0,0,0,0,0,0,0,0,0,0,0,0,0,0,1,0,53
1951,0,0,0,0,0,0,0,0,0,0,0,0,0,0,1,0,0,26
1951,0,0,0,0,0,0,0,0,0,0,0,0,0,1,0,0,0,19
1951,0,0,0,0,0,0,0,0,0,0,0,0,1,0,0,0,0,114
1951,0,0,0,0,0,0,0,0,0,0,0,1,0,0,0,0,0,76
1951,0,0,0,0,0,0,0,0,0,0,1,0,0,0,0,0,0,5
1951,0,0,0,0,0,0,0,0,0,1,0,0,0,0,0,0,0,8
1951,0,0,0,0,0,0,0,0,1,0,0,0,0,0,0,0,0,12
1951,0,0,0,0,0,0,0,1,0,0,0,0,0,0,0,0,0,3
1951,0,0,0,0,0,0,1,0,0,0,0,0,0,0,0,0,0,154
1951,0,0,0,0,0,1,0,0,0,0,0,0,0,0,0,0,0,9
1951,0,0,0,0,1,0,0,0,0,0,0,0,0,0,0,0,0,28
1951,0,0,0,1,0,0,0,0,0,0,0,0,0,0,0,0,0,389
1951,0,0,1,0,0,0,0,0,0,0,0,0,0,0,0,0,0,239
1951,0,1,0,0,0,0,0,0,0,0,0,0,0,0,0,0,0,344
1951,0,1,1,0,0,0,0,0,0,0,0,0,0,0,0,0,0,1
1951,1,0,0,0,0,0,0,0,0,0,0,0,0,0,0,0,0,411
1951,1,0,0,1,0,0,0,0,0,0,0,0,0,0,0,0,0,1
1952,0,0,0,0,0,0,0,0,0,0,0,0,0,0,0,0,0,2370
1952,0,0,0,0,0,0,0,0,0,0,0,0,0,0,0,0,1,18
1952,0,0,0,0,0,0,0,0,0,0,0,0,0,0,0,1,0,28
1952,0,0,0,0,0,0,0,0,0,0,0,0,0,0,1,0,0,15
1952,0,0,0,0,0,0,0,0,0,0,0,0,0,1,0,0,0,18
1952,0,0,0,0,0,0,0,0,0,0,0,0,1,0,0,0,0,50
1952,0,0,0,0,0,0,0,0,0,0,0,1,0,0,0,0,0,55
1952,0,0,0,0,0,0,0,0,0,0,1,0,0,0,0,0,0,4
1952,0,0,0,0,0,0,0,0,0,1,0,0,0,0,0,0,0,5
1952,0,0,0,0,0,0,0,0,1,0,0,0,0,0,0,0,0,9
1952,0,0,0,0,0,0,0,1,0,0,0,0,0,0,0,0,0,1
1952,0,0,0,0,0,0,1,0,0,0,0,0,0,0,0,0,0,60
1952,0,0,0,0,0,1,0,0,0,0,0,0,0,0,0,0,0,4
1952,0,0,0,0,1,0,0,0,0,0,0,0,0,0,0,0,0,18
1952,0,0,0,1,0,0,0,0,0,0,0,0,0,0,0,0,0,87
1952,0,0,1,0,0,0,0,0,0,0,0,0,0,0,0,0,0,91
1952,0,1,0,0,0,0,0,0,0,0,0,0,0,0,0,0,0,214
1952,1,0,0,0,0,0,0,0,0,0,0,0,0,0,0,0,0,83
1953,0,0,0,0,0,0,0,0,0,0,0,0,0,0,0,0,0,1691
1953,0,0,0,0,0,0,0,0,0,0,0,0,0,0,0,0,1,5
1953,0,0,0,0,0,0,0,0,0,0,0,0,0,0,0,1,0,21
1953,0,0,0,0,0,0,0,0,0,0,0,0,0,0,1,0,0,15
1953,0,0,0,0,0,0,0,0,0,0,0,0,0,1,0,0,0,10
1953,0,0,0,0,0,0,0,0,0,0,0,0,1,0,0,0,0,40
1953,0,0,0,0,0,0,0,0,0,0,0,1,0,0,0,0,0,45
1953,0,0,0,0,0,0,0,0,0,1,0,0,0,0,0,0,0,1
1953,0,0,0,0,0,0,0,0,1,0,0,0,0,0,0,0,0,8
1953,0,0,0,0,0,0,0,1,0,0,0,0,0,0,0,0,0,1
1953,0,0,0,0,0,0,1,0,0,0,0,0,0,0,0,0,0,69
1953,0,0,0,0,0,1,0,0,0,0,0,0,0,0,0,0,0,4
1953,0,0,0,0,1,0,0,0,0,0,0,0,0,0,0,0,0,8
1953,0,0,0,1,0,0,0,0,0,0,0,0,0,0,0,0,0,32
1953,0,0,1,0,0,0,0,0,0,0,0,0,0,0,0,0,0,83
1953,0,0,1,0,0,0,1,0,0,0,0,0,0,0,0,0,0,1
1953,0,1,0,0,0,0,0,0,0,0,0,0,0,0,0,0,0,154
1953,1,0,0,0,0,0,0,0,0,0,0,0,0,0,0,0,0,65
1953,1,0,0,1,0,0,0,0,0,0,0,0,0,0,0,0,0,1
1954,0,0,0,0,0,0,0,0,0,0,0,0,0,0,0,0,0,567
1954,0,0,0,0,0,0,0,0,0,0,0,0,0,0,0,1,0,1
1954,0,0,0,0,0,0,0,0,0,0,0,0,0,0,1,0,0,3
1954,0,0,0,0,0,0,0,0,0,0,0,0,1,0,0,0,0,8
1954,0,0,0,0,0,0,0,0,0,0,0,1,0,0,0,0,0,2
1954,0,0,0,0,0,0,0,0,0,0,1,0,0,0,0,0,0,1
1954,0,0,0,0,0,0,0,0,1,0,0,0,0,0,0,0,0,8
1954,0,0,0,0,0,0,1,0,0,0,0,0,0,0,0,0,0,1
1954,0,0,0,1,0,0,0,0,0,0,0,0,0,0,0,0,0,2
1954,0,0,1,0,0,0,0,0,0,0,0,0,0,0,0,0,0,30
1954,0,1,0,0,0,0,0,0,0,0,0,0,0,0,0,0,0,26
1954,1,0,0,0,0,0,0,0,0,0,0,0,0,0,0,0,0,6
1955,0,0,0,0,0,0,0,0,0,0,0,0,0,0,0,0,0,344
1955,0,0,0,0,0,0,0,0,0,0,0,0,0,0,0,1,0,1
1955,0,0,0,0,0,0,0,0,0,0,0,0,0,0,1,0,0,2
1955,0,0,0,0,0,0,0,0,0,0,0,0,1,0,0,0,0,1
1955,0,0,0,0,0,0,0,0,0,0,0,1,0,0,0,0,0,2
1955,0,0,0,0,0,0,0,0,1,0,0,0,0,0,0,0,0,3
1955,0,0,0,0,0,0,1,0,0,0,0,0,0,0,0,0,0,4
1955,0,0,0,0,1,0,0,0,0,0,0,0,0,0,0,0,0,1
1955,0,0,0,1,0,0,0,0,0,0,0,0,0,0,0,0,0,22
1955,0,0,1,0,0,0,0,0,0,0,0,0,0,0,0,0,0,5
1955,0,1,0,0,0,0,0,0,0,0,0,0,0,0,0,0,0,37
1955,1,0,0,0,0,0,0,0,0,0,0,0,0,0,0,0,0,4
1956,0,0,0,0,0,0,0,0,0,0,0,0,0,0,0,0,0,224
1956,0,0,0,0,0,0,0,0,0,0,0,0,0,0,0,1,0,4
1956,0,0,0,0,0,0,0,0,0,0,0,0,0,0,1,0,0,11
1956,0,0,0,0,0,0,0,0,0,0,0,0,0,1,0,0,0,1
1956,0,0,0,0,0,0,0,0,0,0,0,0,1,0,0,0,0,9
1956,0,0,0,0,0,0,0,0,0,0,0,1,0,0,0,0,0,9
1956,0,0,0,0,0,0,0,0,1,0,0,0,0,0,0,0,0,4
1956,0,0,0,0,0,0,1,0,0,0,0,0,0,0,0,0,0,9
1956,0,0,0,0,1,0,0,0,0,0,0,0,0,0,0,0,0,4
1956,0,0,0,1,0,0,0,0,0,0,0,0,0,0,0,0,0,21
1956,0,0,1,0,0,0,0,0,0,0,0,0,0,0,0,0,0,3
1956,0,1,0,0,0,0,0,0,0,0,0,0,0,0,0,0,0,56
1956,1,0,0,0,0,0,0,0,0,0,0,0,0,0,0,0,0,11
1957,0,0,0,0,0,0,0,0,0,0,0,0,0,0,0,0,0,1181
1957,0,0,0,0,0,0,0,0,0,0,0,0,0,0,0,0,1,1
1957,0,0,0,0,0,0,0,0,0,0,0,0,0,0,0,1,0,12
1957,0,0,0,0,0,0,0,0,0,0,0,0,0,0,1,0,0,17
1957,0,0,0,0,0,0,0,0,0,0,0,0,0,1,0,0,0,1
1957,0,0,0,0,0,0,0,0,0,0,0,0,1,0,0,0,0,63
1957,0,0,0,0,0,0,0,0,0,0,0,1,0,0,0,0,0,23
1957,0,0,0,0,0,0,0,0,0,0,1,0,0,0,0,0,0,1
1957,0,0,0,0,0,0,0,0,1,0,0,0,0,0,0,0,0,6
1957,0,0,0,0,0,0,1,0,0,0,0,0,0,0,0,0,0,33
1957,0,0,0,0,0,1,0,0,0,0,0,0,0,0,0,0,0,5
1957,0,0,0,0,1,0,0,0,0,0,0,0,0,0,0,0,0,22
1957,0,0,0,1,0,0,0,0,0,0,0,0,0,0,0,0,0,22
1957,0,0,1,0,0,0,0,0,0,0,0,0,0,0,0,0,0,17
1957,0,1,0,0,0,0,0,0,0,0,0,0,0,0,0,0,0,286
1957,1,0,0,0,0,0,0,0,0,0,0,0,0,0,0,0,0,67
1958,0,0,0,0,0,0,0,0,0,0,0,0,0,0,0,0,0,777
1958,0,0,0,0,0,0,0,0,0,0,0,0,0,0,0,1,0,7
1958,0,0,0,0,0,0,0,0,0,0,0,0,0,0,1,0,0,8
1958,0,0,0,0,0,0,0,0,0,0,0,0,0,1,0,0,0,5
1958,0,0,0,0,0,0,0,0,0,0,0,0,1,0,0,0,0,21
1958,0,0,0,0,0,0,0,0,0,0,0,1,0,0,0,0,0,18
1958,0,0,0,0,0,0,0,0,0,1,0,0,0,0,0,0,0,1
1958,0,0,0,0,0,0,0,0,1,0,0,0,0,0,0,0,0,2
1958,0,0,0,0,0,0,1,0,0,0,0,0,0,0,0,0,0,27
1958,0,0,0,0,0,1,0,0,0,0,0,0,0,0,0,0,0,2
1958,0,0,0,0,1,0,0,0,0,0,0,0,0,0,0,0,0,8
1958,0,0,0,1,0,0,0,0,0,0,0,0,0,0,0,0,0,14
1958,0,0,1,0,0,0,0,0,0,0,0,0,0,0,0,0,0,15
1958,0,1,0,0,0,0,0,0,0,0,0,0,0,0,0,0,0,189
1958,1,0,0,0,0,0,0,0,0,0,0,0,0,0,0,0,0,28
1959,0,0,0,0,0,0,0,0,0,0,0,0,0,0,0,0,0,271
1959,0,0,0,0,0,0,0,0,0,0,0,0,0,0,0,0,1,3
1959,0,0,0,0,0,0,0,0,0,0,0,0,0,0,0,1,0,7
1959,0,0,0,0,0,0,0,0,0,0,0,0,0,0,1,0,0,11
1959,0,0,0,0,0,0,0,0,0,0,0,0,0,1,0,0,0,1
1959,0,0,0,0,0,0,0,0,0,0,0,0,1,0,0,0,0,7
1959,0,0,0,0,0,0,0,0,0,0,0,1,0,0,0,0,0,8
1959,0,0,0,0,0,0,0,0,1,0,0,0,0,0,0,0,0,2
1959,0,0,0,0,0,0,1,0,0,0,0,0,0,0,0,0,0,6
1959,0,0,0,0,0,1,0,0,0,0,0,0,0,0,0,0,0,1
1959,0,0,0,0,1,0,0,0,0,0,0,0,0,0,0,0,0,1
1959,0,0,0,1,0,0,0,0,0,0,0,0,0,0,0,0,0,5
1959,0,0,1,0,0,0,0,0,0,0,0,0,0,0,0,0,0,6
1959,0,1,0,0,0,0,0,0,0,0,0,0,0,0,0,0,0,98
1959,1,0,0,0,0,0,0,0,0,0,0,0,0,0,0,0,0,9
NA,0,0,0,0,0,0,0,0,0,0,0,0,0,0,0,0,0,366123
NA,0,0,0,0,0,0,0,0,0,0,0,0,0,0,0,0,1,95
NA,0,0,0,0,0,0,0,0,0,0,0,0,0,0,0,1,0,398
NA,0,0,0,0,0,0,0,0,0,0,0,0,0,0,1,0,0,88
NA,0,0,0,0,0,0,0,0,0,0,0,0,0,1,0,0,0,58
NA,0,0,0,0,0,0,0,0,0,0,0,0,1,0,0,0,0,529
NA,0,0,0,0,0,0,0,0,0,0,0,1,0,0,0,0,0,174
NA,0,0,0,0,0,0,0,0,0,0,1,0,0,0,0,0,0,2091
NA,0,0,0,0,0,0,0,0,0,1,0,0,0,0,0,0,0,1481
NA,0,0,0,0,0,0,0,0,0,1,0,0,0,0,0,0,1,3
NA,0,0,0,0,0,0,0,0,0,1,1,0,0,0,0,0,0,2
NA,0,0,0,0,0,0,0,0,1,0,0,0,0,0,0,0,0,3213
NA,0,0,0,0,0,0,0,1,0,0,0,0,0,0,0,0,0,2966
NA,0,0,0,0,0,0,1,0,0,0,0,0,0,0,0,0,0,10608
NA,0,0,0,0,0,1,0,0,0,0,0,0,0,0,0,0,0,37
NA,0,0,0,0,1,0,0,0,0,0,0,0,0,0,0,0,0,101
NA,0,0,0,1,0,0,0,0,0,0,0,0,0,0,0,0,0,26013
NA,0,0,0,1,0,0,0,0,0,0,0,0,1,0,0,0,0,11
NA,0,0,0,1,0,0,0,0,0,1,0,0,0,0,0,0,0,1
NA,0,0,0,1,0,0,0,0,1,0,0,0,0,0,0,0,0,20
NA,0,0,0,1,0,0,1,0,0,0,0,0,0,0,0,0,0,1
NA,0,0,0,1,0,1,0,0,0,0,0,0,0,0,0,0,0,2
NA,0,0,1,0,0,0,0,0,0,0,0,0,0,0,0,0,0,7997
NA,0,0,1,0,0,0,0,0,0,0,0,0,1,0,0,0,0,1
NA,0,1,0,0,0,0,0,0,0,0,0,0,0,0,0,0,0,3303
NA,0,1,0,0,0,0,1,0,0,0,0,0,0,0,0,0,0,1
NA,0,1,0,1,0,0,0,0,0,0,0,0,0,0,0,0,0,9
NA,1,0,0,0,0,0,0,0,0,0,0,0,0,0,0,0,0,1816
NA,1,0,0,0,0,0,0,0,0,0,0,0,0,0,0,0,1,1
