YEAR,ETHNIC_BEL,ETHNIC_UKR,ETHNIC_GER,ETHNIC_POL,ETHNIC_ARMENIAN,ETHNIC_GREEK,ETHNIC_JEWISH,ETHNIC_KABARDIN,ETHNIC_KALMYK,ETHNIC_CHINESE,ETHNIC_KOREAN,ETHNIC_LATVIAN,ETHNIC_LITHUANIAN,ETHNIC_OSSETIAN,ETHNIC_ESTONIAN,ETHNIC_TATAR,ETHNIC_CHECHEN,ger_surname,n
1914,0,0,0,0,0,0,0,0,0,0,0,0,0,0,0,0,0,1,1
1916,0,0,0,0,0,0,0,0,1,0,0,0,0,0,0,0,0,0,1
1917,0,0,0,0,0,0,0,0,0,0,0,0,0,0,0,0,0,0,147
1917,0,0,0,0,0,0,0,0,0,0,0,0,0,0,0,0,0,1,13
1917,0,0,1,0,0,0,0,0,0,0,0,0,0,0,0,0,0,0,1
1918,0,0,0,0,0,0,0,0,0,0,0,0,0,0,0,0,0,0,4162
1918,0,0,0,0,0,0,0,0,0,0,0,0,0,0,0,0,0,1,115
1918,0,0,0,0,0,0,0,0,0,0,0,0,0,0,0,0,1,0,2
1918,0,0,0,0,0,0,0,0,0,0,0,0,0,0,0,1,0,0,45
1918,0,0,0,0,0,0,0,0,0,0,0,0,0,0,1,0,0,0,4
1918,0,0,0,0,0,0,0,0,0,0,0,0,1,0,0,0,0,0,1
1918,0,0,0,0,0,0,0,0,0,0,0,1,0,0,0,0,0,0,1
1918,0,0,0,0,0,0,0,0,0,0,0,1,0,0,0,0,0,1,1
1918,0,0,0,0,0,0,0,0,1,0,0,0,0,0,0,0,0,0,4
1918,0,0,0,0,0,0,1,0,0,0,0,0,0,0,0,0,0,0,12
1918,0,0,0,1,0,0,0,0,0,0,0,0,0,0,0,0,0,0,8
1918,0,0,0,1,0,0,0,0,0,0,0,0,0,0,0,1,0,0,1
1918,0,0,1,0,0,0,0,0,0,0,0,0,0,0,0,0,0,0,2
1918,0,1,0,0,0,0,0,0,0,0,0,0,0,0,0,0,0,0,2
1918,1,0,0,0,0,0,0,0,0,0,0,0,0,0,0,0,0,0,6
1919,0,0,0,0,0,0,0,0,0,0,0,0,0,0,0,0,0,0,9819
1919,0,0,0,0,0,0,0,0,0,0,0,0,0,0,0,0,0,1,353
1919,0,0,0,0,0,0,0,0,0,0,0,0,0,0,0,0,1,0,2
1919,0,0,0,0,0,0,0,0,0,0,0,0,0,0,0,1,0,0,174
1919,0,0,0,0,0,0,0,0,0,0,0,0,0,0,1,0,0,0,3
1919,0,0,0,0,0,0,0,0,0,0,0,0,0,0,1,0,0,1,1
1919,0,0,0,0,0,0,0,0,0,0,0,0,1,0,0,0,0,0,3
1919,0,0,0,0,0,0,0,0,0,0,0,1,0,0,0,0,0,0,9
1919,0,0,0,0,0,0,0,0,0,0,0,1,0,0,0,0,0,1,1
1919,0,0,0,0,0,0,0,0,1,0,0,0,0,0,0,0,0,0,5
1919,0,0,0,0,0,0,1,0,0,0,0,0,0,0,0,0,0,0,30
1919,0,0,0,0,0,0,1,0,0,0,0,0,0,0,0,0,0,1,4
1919,0,0,0,0,0,1,0,0,0,0,0,0,0,0,0,0,0,0,1
1919,0,0,0,0,1,0,0,0,0,0,0,0,0,0,0,0,0,0,1
1919,0,0,0,1,0,0,0,0,0,0,0,0,0,0,0,0,0,0,24
1919,0,0,1,0,0,0,0,0,0,0,0,0,0,0,0,0,0,0,1
1919,0,0,1,0,0,0,0,0,0,0,0,0,0,0,0,0,0,1,9
1919,0,1,0,0,0,0,0,0,0,0,0,0,0,0,0,0,0,0,18
1919,0,1,0,0,0,0,0,0,0,0,0,0,0,0,0,0,0,1,1
1919,1,0,0,0,0,0,0,0,0,0,0,0,0,0,0,0,0,0,10
1919,1,0,0,0,0,0,0,0,0,0,0,0,0,0,0,0,0,1,1
1920,0,0,0,0,0,0,0,0,0,0,0,0,0,0,0,0,0,0,12278
1920,0,0,0,0,0,0,0,0,0,0,0,0,0,0,0,0,0,1,401
1920,0,0,0,0,0,0,0,0,0,0,0,0,0,0,0,0,1,0,1
1920,0,0,0,0,0,0,0,0,0,0,0,0,0,0,0,1,0,0,133
1920,0,0,0,0,0,0,0,0,0,0,0,0,0,0,1,0,0,0,9
1920,0,0,0,0,0,0,0,0,0,0,0,0,0,1,0,0,0,0,40
1920,0,0,0,0,0,0,0,0,0,0,0,0,1,0,0,0,0,0,36
1920,0,0,0,0,0,0,0,0,0,0,0,1,0,0,0,0,0,0,29
1920,0,0,0,0,0,0,0,0,0,0,0,1,0,0,0,0,0,1,3
1920,0,0,0,0,0,0,0,0,0,0,1,0,0,0,0,0,0,0,7
1920,0,0,0,0,0,0,0,0,0,1,0,0,0,0,0,0,0,0,4
1920,0,0,0,0,0,0,0,0,0,1,0,0,0,0,0,0,0,1,4
1920,0,0,0,0,0,0,0,0,1,0,0,0,0,0,0,0,0,0,6
1920,0,0,0,0,0,0,0,1,0,0,0,0,0,0,0,0,0,0,47
1920,0,0,0,0,0,0,1,0,0,0,0,0,0,0,0,0,0,0,77
1920,0,0,0,0,0,0,1,0,0,0,0,0,0,0,0,0,0,1,1
1920,0,0,0,0,0,1,0,0,0,0,0,0,0,0,0,0,0,0,8
1920,0,0,0,0,1,0,0,0,0,0,0,0,0,0,0,0,0,0,12
1920,0,0,0,1,0,0,0,0,0,0,0,0,0,0,0,0,0,0,253
1920,0,0,0,1,0,0,0,0,0,0,0,0,0,0,0,0,0,1,12
1920,0,0,0,1,0,1,0,0,0,0,0,0,0,0,0,0,0,0,1
1920,0,0,1,0,0,0,0,0,0,0,0,0,0,0,0,0,0,0,19
1920,0,0,1,0,0,0,0,0,0,0,0,0,0,0,0,0,0,1,19
1920,0,0,1,1,0,0,1,0,0,1,1,0,0,0,0,0,0,0,1
1920,0,1,0,0,0,0,0,0,0,0,0,0,0,0,0,0,0,0,69
1920,0,1,0,0,0,0,0,0,0,0,0,0,0,0,0,0,0,1,2
1920,1,0,0,0,0,0,0,0,0,0,0,0,0,0,0,0,0,0,121
1920,1,0,0,0,0,0,0,0,0,0,0,0,0,0,0,0,0,1,4
1920,1,0,0,1,0,0,0,0,0,0,0,0,0,0,0,0,0,0,2
1921,0,0,0,0,0,0,0,0,0,0,0,0,0,0,0,0,0,0,9641
1921,0,0,0,0,0,0,0,0,0,0,0,0,0,0,0,0,0,1,261
1921,0,0,0,0,0,0,0,0,0,0,0,0,0,0,0,0,1,0,1
1921,0,0,0,0,0,0,0,0,0,0,0,0,0,0,0,1,0,0,166
1921,0,0,0,0,0,0,0,0,0,0,0,0,0,0,1,0,0,0,6
1921,0,0,0,0,0,0,0,0,0,0,0,0,0,1,0,0,0,0,13
1921,0,0,0,0,0,0,0,0,0,0,0,0,1,0,0,0,0,0,12
1921,0,0,0,0,0,0,0,0,0,0,0,1,0,0,0,0,0,0,24
1921,0,0,0,0,0,0,0,0,0,0,0,1,0,0,0,0,0,1,3
1921,0,0,0,0,0,0,0,0,0,0,1,0,0,0,0,0,0,0,3
1921,0,0,0,0,0,0,0,0,0,1,0,0,0,0,0,0,0,0,3
1921,0,0,0,0,0,0,0,0,1,0,0,0,0,0,0,0,0,0,4
1921,0,0,0,0,0,0,0,1,0,0,0,0,0,0,0,0,0,0,8
1921,0,0,0,0,0,0,1,0,0,0,0,0,0,0,0,0,0,0,78
1921,0,0,0,0,0,0,1,0,0,0,0,0,0,0,0,0,0,1,8
1921,0,0,0,0,1,0,0,0,0,0,0,0,0,0,0,0,0,0,5
1921,0,0,0,1,0,0,0,0,0,0,0,0,0,0,0,0,0,0,84
1921,0,0,0,1,0,0,0,0,0,0,0,0,0,0,0,0,0,1,1
1921,0,0,1,0,0,0,0,0,0,0,0,0,0,0,0,0,0,0,22
1921,0,0,1,0,0,0,0,0,0,0,0,0,0,0,0,0,0,1,23
1921,0,1,0,0,0,0,0,0,0,0,0,0,0,0,0,0,0,0,73
1921,1,0,0,0,0,0,0,0,0,0,0,0,0,0,0,0,0,0,144
1921,1,0,0,1,0,0,0,0,0,0,0,0,0,0,0,0,0,0,1
1922,0,0,0,0,0,0,0,0,0,0,0,0,0,0,0,0,0,0,1934
1922,0,0,0,0,0,0,0,0,0,0,0,0,0,0,0,0,0,1,68
1922,0,0,0,0,0,0,0,0,0,0,0,0,0,0,0,1,0,0,10
1922,0,0,0,0,0,0,0,0,0,0,0,0,0,0,1,0,0,0,2
1922,0,0,0,0,0,0,0,0,0,0,0,0,0,1,0,0,0,0,1
1922,0,0,0,0,0,0,0,0,0,0,0,0,1,0,0,0,0,0,4
1922,0,0,0,0,0,0,0,0,0,0,0,1,0,0,0,0,0,0,4
1922,0,0,0,0,0,0,0,0,0,0,1,0,0,0,0,0,0,0,3
1922,0,0,0,0,0,0,0,0,1,0,0,0,0,0,0,0,0,0,2
1922,0,0,0,0,0,0,1,0,0,0,0,0,0,0,0,0,0,0,66
1922,0,0,0,0,0,0,1,0,0,0,0,0,0,0,0,0,0,1,8
1922,0,0,0,0,1,0,0,0,0,0,0,0,0,0,0,0,0,0,1
1922,0,0,0,1,0,0,0,0,0,0,0,0,0,0,0,0,0,0,18
1922,0,0,1,0,0,0,0,0,0,0,0,0,0,0,0,0,0,0,4
1922,0,0,1,0,0,0,0,0,0,0,0,0,0,0,0,0,0,1,4
1922,0,1,0,0,0,0,0,0,0,0,0,0,0,0,0,0,0,0,19
1922,1,0,0,0,0,0,0,0,0,0,0,0,0,0,0,0,0,0,5
1923,0,0,0,0,0,0,0,0,0,0,0,0,0,0,0,0,0,0,973
1923,0,0,0,0,0,0,0,0,0,0,0,0,0,0,0,0,0,1,44
1923,0,0,0,0,0,0,0,0,0,0,0,0,0,0,0,1,0,0,3
1923,0,0,0,0,0,0,0,0,0,0,0,0,0,0,1,0,0,0,2
1923,0,0,0,0,0,0,0,0,0,0,0,0,0,1,0,0,0,0,1
1923,0,0,0,0,0,0,0,0,0,0,0,0,1,0,0,0,0,0,4
1923,0,0,0,0,0,0,0,0,0,0,0,1,0,0,0,0,0,0,3
1923,0,0,0,0,0,0,0,0,0,0,1,0,0,0,0,0,0,0,2
1923,0,0,0,0,0,0,0,0,1,0,0,0,0,0,0,0,0,0,2
1923,0,0,0,0,0,0,1,0,0,0,0,0,0,0,0,0,0,0,54
1923,0,0,0,0,0,0,1,0,0,0,0,0,0,0,0,0,0,1,5
1923,0,0,0,0,0,1,0,0,0,0,0,0,0,0,0,0,0,0,1
1923,0,0,0,0,1,0,0,0,0,0,0,0,0,0,0,0,0,0,2
1923,0,0,0,1,0,0,0,0,0,0,0,0,0,0,0,0,0,0,29
1923,0,0,0,1,0,0,0,0,0,0,0,0,0,0,0,0,0,1,3
1923,0,0,1,0,0,0,0,0,0,0,0,0,0,0,0,0,0,0,5
1923,0,0,1,0,0,0,0,0,0,0,0,0,0,0,0,0,0,1,3
1923,0,1,0,0,0,0,0,0,0,0,0,0,0,0,0,0,0,0,9
1923,1,0,0,0,0,0,0,0,0,0,0,0,0,0,0,0,0,0,31
1923,1,0,0,0,0,0,0,0,0,0,0,0,0,0,0,0,0,1,3
1924,0,0,0,0,0,0,0,0,0,0,0,0,0,0,0,0,0,0,1387
1924,0,0,0,0,0,0,0,0,0,0,0,0,0,0,0,0,0,1,50
1924,0,0,0,0,0,0,0,0,0,0,0,0,0,0,0,1,0,0,3
1924,0,0,0,0,0,0,0,0,0,0,0,0,0,0,1,0,0,0,4
1924,0,0,0,0,0,0,0,0,0,0,0,0,0,0,1,0,0,1,1
1924,0,0,0,0,0,0,0,0,0,0,0,0,0,1,0,0,0,0,1
1924,0,0,0,0,0,0,0,0,0,0,0,1,0,0,0,0,0,0,6
1924,0,0,0,0,0,0,0,0,0,0,0,1,0,0,0,0,0,1,1
1924,0,0,0,0,0,0,0,0,0,1,0,0,0,0,0,0,0,0,1
1924,0,0,0,0,0,0,0,1,0,0,0,0,0,0,0,0,0,0,1
1924,0,0,0,0,0,0,1,0,0,0,0,0,0,0,0,0,0,0,68
1924,0,0,0,0,0,0,1,0,0,0,0,0,0,0,0,0,0,1,4
1924,0,0,0,0,1,0,0,0,0,0,0,0,0,0,0,0,0,0,2
1924,0,0,0,1,0,0,0,0,0,0,0,0,0,0,0,0,0,0,28
1924,0,0,0,1,0,0,0,0,0,0,0,0,0,0,0,0,0,1,2
1924,0,0,1,0,0,0,0,0,0,0,0,0,0,0,0,0,0,0,3
1924,0,0,1,0,0,0,0,0,0,0,0,0,0,0,0,0,0,1,3
1924,0,1,0,0,0,0,0,0,0,0,0,0,0,0,0,0,0,0,18
1924,1,0,0,0,0,0,0,0,0,0,0,0,0,0,0,0,0,0,57
1925,0,0,0,0,0,0,0,0,0,0,0,0,0,0,0,0,0,0,1049
1925,0,0,0,0,0,0,0,0,0,0,0,0,0,0,0,0,0,1,64
1925,0,0,0,0,0,0,0,0,0,0,0,0,0,0,0,1,0,0,6
1925,0,0,0,0,0,0,0,0,0,0,0,0,0,0,1,0,0,0,3
1925,0,0,0,0,0,0,0,0,0,0,0,1,0,0,0,0,0,0,3
1925,0,0,0,0,0,0,0,0,0,0,0,1,0,0,0,0,0,1,1
1925,0,0,0,0,0,0,0,0,0,1,0,0,0,0,0,0,0,0,1
1925,0,0,0,0,0,0,0,1,0,0,0,0,0,0,0,0,0,0,2
1925,0,0,0,0,0,0,1,0,0,0,0,0,0,0,0,0,0,0,92
1925,0,0,0,0,0,0,1,0,0,0,0,0,0,0,0,0,0,1,9
1925,0,0,0,1,0,0,0,0,0,0,0,0,0,0,0,0,0,0,26
1925,0,0,1,0,0,0,0,0,0,0,0,0,0,0,0,0,0,0,3
1925,0,1,0,0,0,0,0,0,0,0,0,0,0,0,0,0,0,0,13
1925,1,0,0,0,0,0,0,0,0,0,0,0,0,0,0,0,0,0,90
1925,1,0,0,0,0,0,0,0,0,0,0,0,0,0,0,0,0,1,2
1925,1,0,0,0,0,0,1,0,0,0,0,0,0,0,0,0,0,0,2
1926,0,0,0,0,0,0,0,0,0,0,0,0,0,0,0,0,0,0,1779
1926,0,0,0,0,0,0,0,0,0,0,0,0,0,0,0,0,0,1,115
1926,0,0,0,0,0,0,0,0,0,0,0,0,0,0,0,1,0,0,7
1926,0,0,0,0,0,0,0,0,0,0,0,0,0,0,0,1,0,1,2
1926,0,0,0,0,0,0,0,0,0,0,0,0,0,0,1,0,0,0,1
1926,0,0,0,0,0,0,0,0,0,0,0,0,0,1,0,0,0,0,1
1926,0,0,0,0,0,0,0,0,0,0,0,0,1,0,0,0,0,0,2
1926,0,0,0,0,0,0,0,0,0,0,0,1,0,0,0,0,0,0,1
1926,0,0,0,0,0,0,0,0,0,0,0,1,0,0,0,0,0,1,1
1926,0,0,0,0,0,0,0,0,0,1,0,0,0,0,0,0,0,0,6
1926,0,0,0,0,0,0,0,1,0,0,0,0,0,0,0,0,0,0,5
1926,0,0,0,0,0,0,1,0,0,0,0,0,0,0,0,0,0,0,75
1926,0,0,0,0,0,0,1,0,0,0,0,0,0,0,0,0,0,1,4
1926,0,0,0,0,1,0,0,0,0,0,0,0,0,0,0,0,0,0,1
1926,0,0,0,1,0,0,0,0,0,0,0,0,0,0,0,0,0,0,10
1926,0,0,0,1,0,0,0,0,0,0,0,0,0,0,0,0,0,1,1
1926,0,0,1,0,0,0,0,0,0,0,0,0,0,0,0,0,0,0,3
1926,0,0,1,0,0,0,0,0,0,0,0,0,0,0,0,0,0,1,2
1926,0,1,0,0,0,0,0,0,0,0,0,0,0,0,0,0,0,0,18
1926,0,1,0,0,0,0,0,0,0,0,0,0,0,0,0,0,0,1,1
1926,1,0,0,0,0,0,0,0,0,0,0,0,0,0,0,0,0,0,64
1926,1,0,0,0,0,0,0,0,0,0,0,0,0,0,0,0,0,1,2
1926,1,0,0,1,0,0,0,0,0,0,0,0,0,0,0,0,0,0,2
1927,0,0,0,0,0,0,0,0,0,0,0,0,0,0,0,0,0,0,3850
1927,0,0,0,0,0,0,0,0,0,0,0,0,0,0,0,0,0,1,195
1927,0,0,0,0,0,0,0,0,0,0,0,0,0,0,0,1,0,0,13
1927,0,0,0,0,0,0,0,0,0,0,0,0,0,0,1,0,0,0,15
1927,0,0,0,0,0,0,0,0,0,0,0,0,0,0,1,0,0,1,3
1927,0,0,0,0,0,0,0,0,0,0,0,0,0,1,0,0,0,0,7
1927,0,0,0,0,0,0,0,0,0,0,0,0,1,0,0,0,0,0,8
1927,0,0,0,0,0,0,0,0,0,0,0,1,0,0,0,0,0,0,12
1927,0,0,0,0,0,0,0,0,0,0,0,1,0,0,0,0,0,1,1
1927,0,0,0,0,0,0,0,0,0,0,1,0,0,0,0,0,0,0,5
1927,0,0,0,0,0,0,0,0,0,1,0,0,0,0,0,0,0,0,19
1927,0,0,0,0,0,0,0,0,0,1,0,0,0,0,0,0,0,1,1
1927,0,0,0,0,0,0,0,1,0,0,0,0,0,0,0,0,0,0,4
1927,0,0,0,0,0,0,1,0,0,0,0,0,0,0,0,0,0,0,66
1927,0,0,0,0,0,0,1,0,0,0,0,0,0,0,0,0,0,1,2
1927,0,0,0,0,1,0,0,0,0,0,0,0,0,0,0,0,0,0,2
1927,0,0,0,1,0,0,0,0,0,0,0,0,0,0,0,0,0,0,53
1927,0,0,0,1,0,0,0,0,0,0,0,0,0,0,0,0,0,1,2
1927,0,0,1,0,0,0,0,0,0,0,0,0,0,0,0,0,0,0,6
1927,0,0,1,0,0,0,0,0,0,0,0,0,0,0,0,0,0,1,4
1927,0,1,0,0,0,0,0,0,0,0,0,0,0,0,0,0,0,0,62
1927,1,0,0,0,0,0,0,0,0,0,0,0,0,0,0,0,0,0,200
1927,1,0,0,0,0,0,0,0,0,0,0,0,0,0,0,0,0,1,4
1927,1,0,0,1,0,0,0,0,0,0,0,0,0,0,0,0,0,0,1
1928,0,0,0,0,0,0,0,0,0,0,0,0,0,0,0,0,0,0,4309
1928,0,0,0,0,0,0,0,0,0,0,0,0,0,0,0,0,0,1,255
1928,0,0,0,0,0,0,0,0,0,0,0,0,0,0,0,1,0,0,119
1928,0,0,0,0,0,0,0,0,0,0,0,0,0,0,1,0,0,0,8
1928,0,0,0,0,0,0,0,0,0,0,0,0,0,0,1,0,0,1,3
1928,0,0,0,0,0,0,0,0,0,0,0,0,0,1,0,0,0,0,19
1928,0,0,0,0,0,0,0,0,0,0,0,0,1,0,0,0,0,0,3
1928,0,0,0,0,0,0,0,0,0,0,0,1,0,0,0,0,0,0,23
1928,0,0,0,0,0,0,0,0,0,0,1,0,0,0,0,0,0,0,3
1928,0,0,0,0,0,0,0,0,0,1,0,0,0,0,0,0,0,0,16
1928,0,0,0,0,0,0,0,0,0,1,0,0,0,0,0,0,0,1,1
1928,0,0,0,0,0,0,0,0,0,1,0,0,0,0,0,1,0,0,1
1928,0,0,0,0,0,0,0,0,1,0,0,0,0,0,0,0,0,0,2
1928,0,0,0,0,0,0,0,1,0,0,0,0,0,0,0,0,0,0,79
1928,0,0,0,0,0,0,1,0,0,0,0,0,0,0,0,0,0,0,74
1928,0,0,0,0,0,0,1,0,0,0,0,0,0,0,0,0,0,1,4
1928,0,0,0,0,0,1,0,0,0,0,0,0,0,0,0,0,0,0,1
1928,0,0,0,0,1,0,0,0,0,0,0,0,0,0,0,0,0,0,3
1928,0,0,0,1,0,0,0,0,0,0,0,0,0,0,0,0,0,0,56
1928,0,0,0,1,0,0,0,0,0,0,0,0,0,0,0,0,0,1,3
1928,0,0,1,0,0,0,0,0,0,0,0,0,0,0,0,0,0,0,7
1928,0,0,1,0,0,0,0,0,0,0,0,0,0,0,0,0,0,1,22
1928,0,1,0,0,0,0,0,0,0,0,0,0,0,0,0,0,0,0,85
1928,1,0,0,0,0,0,0,0,0,0,0,0,0,0,0,0,0,0,263
1928,1,0,0,0,0,0,0,0,0,0,0,0,0,0,0,0,0,1,2
1928,1,0,0,1,0,0,0,0,0,0,0,0,0,0,0,0,0,0,1
1929,0,0,0,0,0,0,0,0,0,0,0,0,0,0,0,0,0,0,25097
1929,0,0,0,0,0,0,0,0,0,0,0,0,0,0,0,0,0,1,875
1929,0,0,0,0,0,0,0,0,0,0,0,0,0,0,0,1,0,0,890
1929,0,0,0,0,0,0,0,0,0,0,0,0,0,0,0,1,0,1,2
1929,0,0,0,0,0,0,0,0,0,0,0,0,0,0,1,0,0,0,31
1929,0,0,0,0,0,0,0,0,0,0,0,0,0,0,1,0,0,1,1
1929,0,0,0,0,0,0,0,0,0,0,0,0,0,1,0,0,0,0,55
1929,0,0,0,0,0,0,0,0,0,0,0,0,1,0,0,0,0,0,31
1929,0,0,0,0,0,0,0,0,0,0,0,1,0,0,0,0,0,0,109
1929,0,0,0,0,0,0,0,0,0,0,0,1,0,0,0,0,0,1,11
1929,0,0,0,0,0,0,0,0,0,0,1,0,0,0,0,0,0,0,2
1929,0,0,0,0,0,0,0,0,0,1,0,0,0,0,0,0,0,0,48
1929,0,0,0,0,0,0,0,0,1,0,0,0,0,0,0,0,0,0,163
1929,0,0,0,0,0,0,0,0,1,0,0,0,0,0,0,0,0,1,6
1929,0,0,0,0,0,0,0,1,0,0,0,0,0,0,0,0,0,0,93
1929,0,0,0,0,0,0,1,0,0,0,0,0,0,0,0,0,0,0,127
1929,0,0,0,0,0,0,1,0,0,0,0,0,0,0,0,0,0,1,6
1929,0,0,0,0,0,1,0,0,0,0,0,0,0,0,0,0,0,0,6
1929,0,0,0,0,1,0,0,0,0,0,0,0,0,0,0,0,0,0,17
1929,0,0,0,1,0,0,0,0,0,0,0,0,0,0,0,0,0,0,984
1929,0,0,0,1,0,0,0,0,0,0,0,0,0,0,0,0,0,1,28
1929,0,0,0,1,0,0,0,0,0,0,0,0,0,0,0,1,0,0,2
1929,0,0,0,1,0,0,1,0,0,0,0,0,0,0,0,0,0,0,1
1929,0,0,1,0,0,0,0,0,0,0,0,0,0,0,0,0,0,0,48
1929,0,0,1,0,0,0,0,0,0,0,0,0,0,0,0,0,0,1,87
1929,0,1,0,0,0,0,0,0,0,0,0,0,0,0,0,0,0,0,656
1929,0,1,0,0,0,0,0,0,0,0,0,0,0,0,0,0,0,1,4
1929,0,1,0,1,0,0,0,0,0,0,0,0,0,0,0,0,0,0,2
1929,1,0,0,0,0,0,0,0,0,0,0,0,0,0,0,0,0,0,2190
1929,1,0,0,0,0,0,0,0,0,0,0,0,0,0,0,0,0,1,48
1929,1,0,0,1,0,0,0,0,0,0,0,0,0,0,0,0,0,0,9
1929,1,1,0,0,0,0,0,0,0,0,0,0,0,0,0,0,0,0,1
1930,0,0,0,0,0,0,0,0,0,0,0,0,0,0,0,0,0,0,198374
1930,0,0,0,0,0,0,0,0,0,0,0,0,0,0,0,0,0,1,6324
1930,0,0,0,0,0,0,0,0,0,0,0,0,0,0,0,0,1,0,2
1930,0,0,0,0,0,0,0,0,0,0,0,0,0,0,0,1,0,0,4194
1930,0,0,0,0,0,0,0,0,0,0,0,0,0,0,0,1,0,1,10
1930,0,0,0,0,0,0,0,0,0,0,0,0,0,0,1,0,0,0,128
1930,0,0,0,0,0,0,0,0,0,0,0,0,0,0,1,0,0,1,25
1930,0,0,0,0,0,0,0,0,0,0,0,0,0,1,0,0,0,0,311
1930,0,0,0,0,0,0,0,0,0,0,0,0,1,0,0,0,0,0,43
1930,0,0,0,0,0,0,0,0,0,0,0,0,1,0,0,0,0,1,1
1930,0,0,0,0,0,0,0,0,0,0,0,1,0,0,0,0,0,0,426
1930,0,0,0,0,0,0,0,0,0,0,0,1,0,0,0,0,0,1,34
1930,0,0,0,0,0,0,0,0,0,0,0,1,1,0,0,0,0,0,1
1930,0,0,0,0,0,0,0,0,0,0,1,0,0,0,0,0,0,0,5
1930,0,0,0,0,0,0,0,0,0,1,0,0,0,0,0,0,0,0,37
1930,0,0,0,0,0,0,0,0,1,0,0,0,0,0,0,0,0,0,527
1930,0,0,0,0,0,0,0,0,1,0,0,0,0,0,0,0,0,1,10
1930,0,0,0,0,0,0,0,1,0,0,0,0,0,0,0,0,0,0,376
1930,0,0,0,0,0,0,1,0,0,0,0,0,0,0,0,0,0,0,255
1930,0,0,0,0,0,0,1,0,0,0,0,0,0,0,0,0,0,1,23
1930,0,0,0,0,0,1,0,0,0,0,0,0,0,0,0,0,0,0,12
1930,0,0,0,0,1,0,0,0,0,0,0,0,0,0,0,0,0,0,29
1930,0,0,0,1,0,0,0,0,0,0,0,0,0,0,0,0,0,0,1047
1930,0,0,0,1,0,0,0,0,0,0,0,0,0,0,0,0,0,1,63
1930,0,0,0,1,0,0,0,0,0,0,0,0,0,0,0,1,0,0,6
1930,0,0,0,1,0,0,0,0,0,1,0,0,0,0,0,0,0,0,1
1930,0,0,1,0,0,0,0,0,0,0,0,0,0,0,0,0,0,0,162
1930,0,0,1,0,0,0,0,0,0,0,0,0,0,0,0,0,0,1,528
1930,0,0,1,0,0,0,1,0,0,0,0,0,0,0,0,0,0,0,1
1930,0,1,0,0,0,0,0,0,0,0,0,0,0,0,0,0,0,0,2693
1930,0,1,0,0,0,0,0,0,0,0,0,0,0,0,0,0,0,1,19
1930,1,0,0,0,0,0,0,0,0,0,0,0,0,0,0,0,0,0,3675
1930,1,0,0,0,0,0,0,0,0,0,0,0,0,0,0,0,0,1,60
1930,1,0,0,0,0,0,0,0,0,0,0,0,0,0,0,0,1,0,1
1930,1,0,0,1,0,0,0,0,0,0,0,0,0,0,0,0,0,0,7
1931,0,0,0,0,0,0,0,0,0,0,0,0,0,0,0,0,0,0,284367
1931,0,0,0,0,0,0,0,0,0,0,0,0,0,0,0,0,0,1,10185
1931,0,0,0,0,0,0,0,0,0,0,0,0,0,0,0,0,1,0,1
1931,0,0,0,0,0,0,0,0,0,0,0,0,0,0,0,1,0,0,5019
1931,0,0,0,0,0,0,0,0,0,0,0,0,0,0,0,1,0,1,12
1931,0,0,0,0,0,0,0,0,0,0,0,0,0,0,1,0,0,0,109
1931,0,0,0,0,0,0,0,0,0,0,0,0,0,0,1,0,0,1,2
1931,0,0,0,0,0,0,0,0,0,0,0,0,0,1,0,0,0,0,221
1931,0,0,0,0,0,0,0,0,0,0,0,0,1,0,0,0,0,0,31
1931,0,0,0,0,0,0,0,0,0,0,0,1,0,0,0,0,0,0,98
1931,0,0,0,0,0,0,0,0,0,0,0,1,0,0,0,0,0,1,18
1931,0,0,0,0,0,0,0,0,0,0,1,0,0,0,0,0,0,0,33
1931,0,0,0,0,0,0,0,0,0,1,0,0,0,0,0,0,0,0,32
1931,0,0,0,0,0,0,0,0,1,0,0,0,0,0,0,0,0,0,556
1931,0,0,0,0,0,0,0,0,1,0,0,0,0,0,0,0,0,1,8
1931,0,0,0,0,0,0,0,1,0,0,0,0,0,0,0,0,0,0,225
1931,0,0,0,0,0,0,1,0,0,0,0,0,0,0,0,0,0,0,278
1931,0,0,0,0,0,0,1,0,0,0,0,0,0,0,0,0,0,1,22
1931,0,0,0,0,0,1,0,0,0,0,0,0,0,0,0,0,0,0,9
1931,0,0,0,0,1,0,0,0,0,0,0,0,0,0,0,0,0,0,23
1931,0,0,0,0,1,0,0,0,0,0,0,0,0,0,0,0,0,1,2
1931,0,0,0,1,0,0,0,0,0,0,0,0,0,0,0,0,0,0,470
1931,0,0,0,1,0,0,0,0,0,0,0,0,0,0,0,0,0,1,22
1931,0,0,0,1,0,0,0,0,0,0,0,0,0,0,0,1,0,0,1
1931,0,0,1,0,0,0,0,0,0,0,0,0,0,0,0,0,0,0,58
1931,0,0,1,0,0,0,0,0,0,0,0,0,0,0,0,0,0,1,171
1931,0,1,0,0,0,0,0,0,0,0,0,0,0,0,0,0,0,0,1478
1931,0,1,0,0,0,0,0,0,0,0,0,0,0,0,0,0,0,1,5
1931,0,1,0,0,0,0,1,0,0,0,0,0,0,0,0,0,0,0,1
1931,0,1,0,1,0,0,0,0,0,0,0,0,0,0,0,0,0,0,1
1931,1,0,0,0,0,0,0,0,0,0,0,0,0,0,0,0,0,0,1589
1931,1,0,0,0,0,0,0,0,0,0,0,0,0,0,0,0,0,1,29
1931,1,0,0,1,0,0,0,0,0,0,0,0,0,0,0,0,0,0,6
1932,0,0,0,0,0,0,0,0,0,0,0,0,0,0,0,0,0,0,53660
1932,0,0,0,0,0,0,0,0,0,0,0,0,0,0,0,0,0,1,1825
1932,0,0,0,0,0,0,0,0,0,0,0,0,0,0,0,0,1,0,9
1932,0,0,0,0,0,0,0,0,0,0,0,0,0,0,0,1,0,0,1625
1932,0,0,0,0,0,0,0,0,0,0,0,0,0,0,0,1,0,1,4
1932,0,0,0,0,0,0,0,0,0,0,0,0,0,0,1,0,0,0,72
1932,0,0,0,0,0,0,0,0,0,0,0,0,0,0,1,0,0,1,6
1932,0,0,0,0,0,0,0,0,0,0,0,0,0,1,0,0,0,0,57
1932,0,0,0,0,0,0,0,0,0,0,0,0,1,0,0,0,0,0,27
1932,0,0,0,0,0,0,0,0,0,0,0,0,1,0,0,0,0,1,1
1932,0,0,0,0,0,0,0,0,0,0,0,1,0,0,0,0,0,0,99
1932,0,0,0,0,0,0,0,0,0,0,0,1,0,0,0,0,0,1,9
1932,0,0,0,0,0,0,0,0,0,0,1,0,0,0,0,0,0,0,70
1932,0,0,0,0,0,0,0,0,0,1,0,0,0,0,0,0,0,0,134
1932,0,0,0,0,0,0,0,0,0,1,0,0,0,0,0,0,0,1,6
1932,0,0,0,0,0,0,0,0,0,1,1,0,0,0,0,0,0,0,1
1932,0,0,0,0,0,0,0,0,1,0,0,0,0,0,0,0,0,0,313
1932,0,0,0,0,0,0,0,0,1,0,0,0,0,0,0,1,0,0,1
1932,0,0,0,0,0,0,0,1,0,0,0,0,0,0,0,0,0,0,96
1932,0,0,0,0,0,0,1,0,0,0,0,0,0,0,0,0,0,0,204
1932,0,0,0,0,0,0,1,0,0,0,0,0,0,0,0,0,0,1,15
1932,0,0,0,0,0,1,0,0,0,0,0,0,0,0,0,0,0,0,2
1932,0,0,0,0,1,0,0,0,0,0,0,0,0,0,0,0,0,0,58
1932,0,0,0,1,0,0,0,0,0,0,0,0,0,0,0,0,0,0,724
1932,0,0,0,1,0,0,0,0,0,0,0,0,0,0,0,0,0,1,18
1932,0,0,0,1,0,0,0,0,0,0,0,0,0,0,0,1,0,0,1
1932,0,0,0,1,0,0,1,0,0,0,0,0,0,0,0,0,0,0,1
1932,0,0,1,0,0,0,0,0,0,0,0,0,0,0,0,0,0,0,46
1932,0,0,1,0,0,0,0,0,0,0,0,0,0,0,0,0,0,1,91
1932,0,1,0,0,0,0,0,0,0,0,0,0,0,0,0,0,0,0,930
1932,0,1,0,0,0,0,0,0,0,0,0,0,0,0,0,0,0,1,7
1932,0,1,1,0,0,0,0,0,0,0,0,0,0,0,0,0,0,0,2
1932,1,0,0,0,0,0,0,0,0,0,0,0,0,0,0,0,0,0,5872
1932,1,0,0,0,0,0,0,0,0,0,0,0,0,0,0,0,0,1,124
1932,1,0,0,1,0,0,0,0,0,0,0,0,0,0,0,0,0,0,3
1933,0,0,0,0,0,0,0,0,0,0,0,0,0,0,0,0,0,0,79135
1933,0,0,0,0,0,0,0,0,0,0,0,0,0,0,0,0,0,1,2568
1933,0,0,0,0,0,0,0,0,0,0,0,0,0,0,0,0,1,0,32
1933,0,0,0,0,0,0,0,0,0,0,0,0,0,0,0,1,0,0,921
1933,0,0,0,0,0,0,0,0,0,0,0,0,0,0,0,1,0,1,8
1933,0,0,0,0,0,0,0,0,0,0,0,0,0,0,1,0,0,0,211
1933,0,0,0,0,0,0,0,0,0,0,0,0,0,0,1,0,0,1,16
1933,0,0,0,0,0,0,0,0,0,0,0,0,0,1,0,0,0,0,101
1933,0,0,0,0,0,0,0,0,0,0,0,0,1,0,0,0,0,0,54
1933,0,0,0,0,0,0,0,0,0,0,0,0,1,0,0,0,0,1,2
1933,0,0,0,0,0,0,0,0,0,0,0,0,1,0,0,1,0,0,1
1933,0,0,0,0,0,0,0,0,0,0,0,1,0,0,0,0,0,0,198
1933,0,0,0,0,0,0,0,0,0,0,0,1,0,0,0,0,0,1,15
1933,0,0,0,0,0,0,0,0,0,0,1,0,0,0,0,0,0,0,53
1933,0,0,0,0,0,0,0,0,0,1,0,0,0,0,0,0,0,0,64
1933,0,0,0,0,0,0,0,0,0,1,0,0,0,0,0,0,0,1,1
1933,0,0,0,0,0,0,0,0,1,0,0,0,0,0,0,0,0,0,349
1933,0,0,0,0,0,0,0,0,1,0,0,0,0,0,0,0,0,1,6
1933,0,0,0,0,0,0,0,1,0,0,0,0,0,0,0,0,0,0,82
1933,0,0,0,0,0,0,1,0,0,0,0,0,0,0,0,0,0,0,308
1933,0,0,0,0,0,0,1,0,0,0,0,0,0,0,0,0,0,1,29
1933,0,0,0,0,0,1,0,0,0,0,0,0,0,0,0,0,0,0,7
1933,0,0,0,0,1,0,0,0,0,0,0,0,0,0,0,0,0,0,47
1933,0,0,0,1,0,0,0,0,0,0,0,0,0,0,0,0,0,0,1284
1933,0,0,0,1,0,0,0,0,0,0,0,0,0,0,0,0,0,1,34
1933,0,0,0,1,0,0,0,0,0,0,0,1,0,0,0,0,0,1,1
1933,0,0,0,1,0,1,0,0,0,0,0,0,0,0,0,0,0,0,1
1933,0,0,1,0,0,0,0,0,0,0,0,0,0,0,0,0,0,0,94
1933,0,0,1,0,0,0,0,0,0,0,0,0,0,0,0,0,0,1,160
1933,0,0,1,0,0,0,0,0,0,0,0,0,0,0,0,1,0,0,1
1933,0,1,0,0,0,0,0,0,0,0,0,0,0,0,0,0,0,0,1965
1933,0,1,0,0,0,0,0,0,0,0,0,0,0,0,0,0,0,1,18
1933,0,1,0,1,0,0,0,0,0,0,0,0,0,0,0,0,0,0,3
1933,0,1,1,0,0,0,0,0,0,0,0,0,0,0,0,0,0,0,1
1933,1,0,0,0,0,0,0,0,0,0,0,0,0,0,0,0,0,0,5931
1933,1,0,0,0,0,0,0,0,0,0,0,0,0,0,0,0,0,1,105
1933,1,0,0,0,0,0,0,0,0,0,0,0,0,0,0,0,1,0,1
1933,1,0,0,1,0,0,0,0,0,0,0,0,0,0,0,0,0,0,11
1933,1,0,0,1,0,0,0,0,0,0,0,0,0,0,0,0,0,1,2
1934,0,0,0,0,0,0,0,0,0,0,0,0,0,0,0,0,0,0,13303
1934,0,0,0,0,0,0,0,0,0,0,0,0,0,0,0,0,0,1,616
1934,0,0,0,0,0,0,0,0,0,0,0,0,0,0,0,0,1,0,7
1934,0,0,0,0,0,0,0,0,0,0,0,0,0,0,0,1,0,0,210
1934,0,0,0,0,0,0,0,0,0,0,0,0,0,0,0,1,0,1,2
1934,0,0,0,0,0,0,0,0,0,0,0,0,0,0,1,0,0,0,29
1934,0,0,0,0,0,0,0,0,0,0,0,0,0,0,1,0,0,1,7
1934,0,0,0,0,0,0,0,0,0,0,0,0,0,1,0,0,0,0,34
1934,0,0,0,0,0,0,0,0,0,0,0,0,1,0,0,0,0,0,7
1934,0,0,0,0,0,0,0,0,0,0,0,1,0,0,0,0,0,0,41
1934,0,0,0,0,0,0,0,0,0,0,0,1,0,0,0,0,0,1,6
1934,0,0,0,0,0,0,0,0,0,0,1,0,0,0,0,0,0,0,40
1934,0,0,0,0,0,0,0,0,0,1,0,0,0,0,0,0,0,0,28
1934,0,0,0,0,0,0,0,0,0,1,0,0,0,0,0,0,0,1,1
1934,0,0,0,0,0,0,0,0,1,0,0,0,0,0,0,0,0,0,52
1934,0,0,0,0,0,0,0,0,1,0,0,0,0,0,0,0,0,1,4
1934,0,0,0,0,0,0,0,1,0,0,0,0,0,0,0,0,0,0,3
1934,0,0,0,0,0,0,1,0,0,0,0,0,0,0,0,0,0,0,164
1934,0,0,0,0,0,0,1,0,0,0,0,0,0,0,0,0,0,1,8
1934,0,0,0,0,0,1,0,0,0,0,0,0,0,0,0,0,0,0,8
1934,0,0,0,0,1,0,0,0,0,0,0,0,0,0,0,0,0,0,27
1934,0,0,0,1,0,0,0,0,0,0,0,0,0,0,0,0,0,0,168
1934,0,0,0,1,0,0,0,0,0,0,0,0,0,0,0,0,0,1,11
1934,0,0,0,1,0,0,0,0,0,0,0,0,0,0,0,1,0,0,1
1934,0,0,1,0,0,0,0,0,0,0,0,0,0,0,0,0,0,0,172
1934,0,0,1,0,0,0,0,0,0,0,0,0,0,0,0,0,0,1,281
1934,0,1,0,0,0,0,0,0,0,0,0,0,0,0,0,0,0,0,422
1934,0,1,0,0,0,0,0,0,0,0,0,0,0,0,0,0,0,1,4
1934,0,1,0,0,0,0,1,0,0,0,0,0,0,0,0,0,0,0,1
1934,0,1,0,1,0,0,0,0,0,0,0,0,0,0,0,0,0,0,2
1934,0,1,1,0,0,0,0,0,0,0,0,0,0,0,0,0,0,0,2
1934,1,0,0,0,0,0,0,0,0,0,0,0,0,0,0,0,0,0,467
1934,1,0,0,0,0,0,0,0,0,0,0,0,0,0,0,0,0,1,13
1935,0,0,0,0,0,0,0,0,0,0,0,0,0,0,0,0,0,0,35721
1935,0,0,0,0,0,0,0,0,0,0,0,0,0,0,0,0,0,1,2471
1935,0,0,0,0,0,0,0,0,0,0,0,0,0,0,0,0,1,0,8
1935,0,0,0,0,0,0,0,0,0,0,0,0,0,0,0,0,1,1,1
1935,0,0,0,0,0,0,0,0,0,0,0,0,0,0,0,1,0,0,358
1935,0,0,0,0,0,0,0,0,0,0,0,0,0,0,0,1,0,1,2
1935,0,0,0,0,0,0,0,0,0,0,0,0,0,0,1,0,0,0,69
1935,0,0,0,0,0,0,0,0,0,0,0,0,0,0,1,0,0,1,2
1935,0,0,0,0,0,0,0,0,0,0,0,0,0,1,0,0,0,0,45
1935,0,0,0,0,0,0,0,0,0,0,0,0,1,0,0,0,0,0,33
1935,0,0,0,0,0,0,0,0,0,0,0,0,1,0,0,0,0,1,1
1935,0,0,0,0,0,0,0,0,0,0,0,1,0,0,0,0,0,0,89
1935,0,0,0,0,0,0,0,0,0,0,0,1,0,0,0,0,0,1,3
1935,0,0,0,0,0,0,0,0,0,0,1,0,0,0,0,0,0,0,57
1935,0,0,0,0,0,0,0,0,0,0,1,0,0,0,0,0,1,0,1
1935,0,0,0,0,0,0,0,0,0,1,0,0,0,0,0,0,0,0,51
1935,0,0,0,0,0,0,0,0,1,0,0,0,0,0,0,0,0,0,100
1935,0,0,0,0,0,0,0,0,1,0,0,0,0,0,0,0,0,1,2
1935,0,0,0,0,0,0,0,1,0,0,0,0,0,0,0,0,0,0,29
1935,0,0,0,0,0,0,1,0,0,0,0,0,0,0,0,0,0,0,543
1935,0,0,0,0,0,0,1,0,0,0,0,0,0,0,0,0,0,1,40
1935,0,0,0,0,0,0,1,0,0,0,0,1,0,0,0,0,0,0,1
1935,0,0,0,0,0,1,0,0,0,0,0,0,0,0,0,0,0,0,8
1935,0,0,0,0,1,0,0,0,0,0,0,0,0,0,0,0,0,0,121
1935,0,0,0,0,1,0,0,0,0,0,0,0,0,0,0,0,0,1,2
1935,0,0,0,1,0,0,0,0,0,0,0,0,0,0,0,0,0,0,416
1935,0,0,0,1,0,0,0,0,0,0,0,0,0,0,0,0,0,1,11
1935,0,0,0,1,0,0,0,0,0,0,0,0,0,0,0,0,1,0,1
1935,0,0,0,1,0,0,0,0,1,0,0,0,0,0,0,0,0,0,2
1935,0,0,1,0,0,0,0,0,0,0,0,0,0,0,0,0,0,0,193
1935,0,0,1,0,0,0,0,0,0,0,0,0,0,0,0,0,0,1,305
1935,0,0,1,0,0,0,0,0,0,0,0,0,0,0,0,1,0,0,1
1935,0,0,1,0,0,0,0,0,0,0,0,0,0,0,1,0,0,1,2
1935,0,1,0,0,0,0,0,0,0,0,0,0,0,0,0,0,0,0,1034
1935,0,1,0,0,0,0,0,0,0,0,0,0,0,0,0,0,0,1,6
1935,0,1,0,0,0,0,1,0,0,0,0,0,0,0,0,0,0,0,3
1935,0,1,0,1,0,0,0,0,0,0,0,0,0,0,0,0,0,0,3
1935,1,0,0,0,0,0,0,0,0,0,0,0,0,0,0,0,0,0,1320
1935,1,0,0,0,0,0,0,0,0,0,0,0,0,0,0,0,0,1,16
1935,1,0,0,1,0,0,0,0,0,0,0,0,0,0,0,0,0,0,4
1936,0,0,0,0,0,0,0,0,0,0,0,0,0,0,0,0,0,0,25311
1936,0,0,0,0,0,0,0,0,0,0,0,0,0,0,0,0,0,1,844
1936,0,0,0,0,0,0,0,0,0,0,0,0,0,0,0,0,1,0,7
1936,0,0,0,0,0,0,0,0,0,0,0,0,0,0,0,0,1,1,2
1936,0,0,0,0,0,0,0,0,0,0,0,0,0,0,0,1,0,0,368
1936,0,0,0,0,0,0,0,0,0,0,0,0,0,0,1,0,0,0,108
1936,0,0,0,0,0,0,0,0,0,0,0,0,0,0,1,0,0,1,11
1936,0,0,0,0,0,0,0,0,0,0,0,0,0,1,0,0,0,0,46
1936,0,0,0,0,0,0,0,0,0,0,0,0,1,0,0,0,0,0,75
1936,0,0,0,0,0,0,0,0,0,0,0,0,1,0,0,0,0,1,2
1936,0,0,0,0,0,0,0,0,0,0,0,0,1,0,1,0,0,0,1
1936,0,0,0,0,0,0,0,0,0,0,0,1,0,0,0,0,0,0,138
1936,0,0,0,0,0,0,0,0,0,0,0,1,0,0,0,0,0,1,10
1936,0,0,0,0,0,0,0,0,0,0,1,0,0,0,0,0,0,0,66
1936,0,0,0,0,0,0,0,0,0,1,0,0,0,0,0,0,0,0,61
1936,0,0,0,0,0,0,0,0,0,1,1,0,0,0,0,0,0,0,1
1936,0,0,0,0,0,0,0,0,1,0,0,0,0,0,0,0,0,0,90
1936,0,0,0,0,0,0,0,0,1,0,0,0,0,0,0,0,0,1,2
1936,0,0,0,0,0,0,0,1,0,0,0,0,0,0,0,0,0,0,8
1936,0,0,0,0,0,0,1,0,0,0,0,0,0,0,0,0,0,0,1915
1936,0,0,0,0,0,0,1,0,0,0,0,0,0,0,0,0,0,1,111
1936,0,0,0,0,0,1,0,0,0,0,0,0,0,0,0,0,0,0,20
1936,0,0,0,0,1,0,0,0,0,0,0,0,0,0,0,0,0,0,285
1936,0,0,0,0,1,0,0,0,0,1,0,0,0,0,0,0,0,0,1
1936,0,0,0,1,0,0,0,0,0,0,0,0,0,0,0,0,0,0,551
1936,0,0,0,1,0,0,0,0,0,0,0,0,0,0,0,0,0,1,21
1936,0,0,0,1,0,0,0,0,0,0,0,0,0,0,0,0,1,0,1
1936,0,0,0,1,0,0,0,0,0,0,0,0,1,0,0,0,0,0,1
1936,0,0,1,0,0,0,0,0,0,0,0,0,0,0,0,0,0,0,195
1936,0,0,1,0,0,0,0,0,0,0,0,0,0,0,0,0,0,1,333
1936,0,0,1,0,0,0,0,0,0,0,0,0,0,0,1,0,0,1,2
1936,0,0,1,0,0,0,1,0,0,0,0,0,0,0,0,0,0,0,1
1936,0,1,0,0,0,0,0,0,0,0,0,0,0,0,0,0,0,0,1311
1936,0,1,0,0,0,0,0,0,0,0,0,0,0,0,0,0,0,1,18
1936,0,1,0,0,0,0,0,0,0,0,0,0,0,0,0,0,1,0,2
1936,0,1,0,0,0,0,0,0,0,0,0,0,1,0,0,0,0,0,17
1936,0,1,0,0,0,0,1,0,0,0,0,0,0,0,0,0,0,0,3
1936,1,0,0,0,0,0,0,0,0,0,0,0,0,0,0,0,0,0,1143
1936,1,0,0,0,0,0,0,0,0,0,0,0,0,0,0,0,0,1,25
1936,1,0,0,1,0,0,0,0,0,0,0,0,0,0,0,0,0,0,4
1936,1,1,0,0,0,0,0,0,0,0,0,0,0,0,0,0,0,0,1
1937,0,0,0,0,0,0,0,0,0,0,0,0,0,0,0,0,0,0,283834
1937,0,0,0,0,0,0,0,0,0,0,0,0,0,0,0,0,0,1,9798
1937,0,0,0,0,0,0,0,0,0,0,0,0,0,0,0,0,1,0,66
1937,0,0,0,0,0,0,0,0,0,0,0,0,0,0,0,0,1,1,2
1937,0,0,0,0,0,0,0,0,0,0,0,0,0,0,0,1,0,0,5741
1937,0,0,0,0,0,0,0,0,0,0,0,0,0,0,0,1,0,1,23
1937,0,0,0,0,0,0,0,0,0,0,0,0,0,0,0,1,1,0,2
1937,0,0,0,0,0,0,0,0,0,0,0,0,0,0,1,0,0,0,2201
1937,0,0,0,0,0,0,0,0,0,0,0,0,0,0,1,0,0,1,160
1937,0,0,0,0,0,0,0,0,0,0,0,0,0,0,1,0,1,0,10
1937,0,0,0,0,0,0,0,0,0,0,0,0,0,0,1,0,1,1,4
1937,0,0,0,0,0,0,0,0,0,0,0,0,0,1,0,0,0,0,1006
1937,0,0,0,0,0,0,0,0,0,0,0,0,1,0,0,0,0,0,663
1937,0,0,0,0,0,0,0,0,0,0,0,0,1,0,0,0,0,1,17
1937,0,0,0,0,0,0,0,0,0,0,0,0,1,0,1,0,0,0,1
1937,0,0,0,0,0,0,0,0,0,0,0,1,0,0,0,0,0,0,5416
1937,0,0,0,0,0,0,0,0,0,0,0,1,0,0,0,0,0,1,523
1937,0,0,0,0,0,0,0,0,0,0,0,1,0,0,0,0,1,0,4
1937,0,0,0,0,0,0,0,0,0,0,0,1,1,0,0,0,0,0,1
1937,0,0,0,0,0,0,0,0,0,0,1,0,0,0,0,0,0,0,674
1937,0,0,0,0,0,0,0,0,0,0,1,0,0,0,0,0,0,1,5
1937,0,0,0,0,0,0,0,0,0,1,0,0,0,0,0,0,0,0,330
1937,0,0,0,0,0,0,0,0,0,1,0,0,0,0,0,0,0,1,12
1937,0,0,0,0,0,0,0,0,0,1,0,0,0,0,0,0,1,0,3
1937,0,0,0,0,0,0,0,0,1,0,0,0,0,0,0,0,0,0,1215
1937,0,0,0,0,0,0,0,0,1,0,0,0,0,0,0,0,0,1,27
1937,0,0,0,0,0,0,0,1,0,0,0,0,0,0,0,0,0,0,894
1937,0,0,0,0,0,0,1,0,0,0,0,0,0,0,0,0,0,0,6763
1937,0,0,0,0,0,0,1,0,0,0,0,0,0,0,0,0,0,1,523
1937,0,0,0,0,0,0,1,0,0,0,0,0,0,0,0,0,1,0,3
1937,0,0,0,0,0,0,1,0,0,0,0,0,1,0,0,0,0,0,2
1937,0,0,0,0,0,0,1,0,0,0,0,1,0,0,0,0,0,0,1
1937,0,0,0,0,0,0,1,0,0,1,0,0,0,0,0,0,0,0,2
1937,0,0,0,0,0,1,0,0,0,0,0,0,0,0,0,0,0,0,557
1937,0,0,0,0,0,1,0,0,0,0,0,0,0,0,0,0,0,1,1
1937,0,0,0,0,1,0,0,0,0,0,0,0,0,0,0,0,0,0,506
1937,0,0,0,0,1,0,0,0,0,0,0,0,0,0,0,0,0,1,2
1937,0,0,0,1,0,0,0,0,0,0,0,0,0,0,0,0,0,0,13156
1937,0,0,0,1,0,0,0,0,0,0,0,0,0,0,0,0,0,1,493
1937,0,0,0,1,0,0,0,0,0,0,0,0,0,0,0,0,1,0,11
1937,0,0,0,1,0,0,0,0,0,0,0,0,0,0,0,1,0,0,5
1937,0,0,0,1,0,0,0,0,0,0,0,0,1,0,0,0,0,0,10
1937,0,0,0,1,0,0,0,0,0,0,0,1,0,0,0,0,0,0,4
1937,0,0,0,1,0,0,0,0,0,0,0,1,0,0,0,0,0,1,1
1937,0,0,0,1,0,0,1,0,0,0,0,0,0,0,0,0,0,0,30
1937,0,0,0,1,0,1,0,0,0,0,0,0,0,0,0,0,0,0,7
1937,0,0,1,0,0,0,0,0,0,0,0,0,0,0,0,0,0,0,2099
1937,0,0,1,0,0,0,0,0,0,0,0,0,0,0,0,0,0,1,3169
1937,0,0,1,0,0,0,0,0,0,0,0,0,0,0,0,0,1,0,1
1937,0,0,1,0,0,0,0,0,0,0,0,0,0,0,0,0,1,1,2
1937,0,0,1,0,0,0,0,0,0,0,0,0,0,0,0,1,0,0,1
1937,0,0,1,0,0,0,0,0,0,0,0,0,0,0,1,0,0,0,2
1937,0,0,1,0,0,0,0,0,0,0,0,0,0,0,1,0,0,1,2
1937,0,0,1,0,0,0,0,0,0,0,0,1,0,0,0,0,0,0,15
1937,0,0,1,0,0,0,0,0,0,0,0,1,0,0,0,0,0,1,1
1937,0,0,1,0,0,0,0,0,0,1,0,0,0,0,0,0,0,1,2
1937,0,0,1,0,0,0,0,1,0,0,0,0,0,0,0,0,0,0,1
1937,0,0,1,0,0,0,1,0,0,0,0,0,0,0,0,0,0,0,9
1937,0,0,1,0,0,0,1,0,0,0,0,0,0,0,0,0,0,1,1
1937,0,0,1,1,0,0,0,0,0,0,0,0,0,0,0,0,0,0,8
1937,0,0,1,1,0,0,0,0,0,0,0,0,0,0,0,0,0,1,6
1937,0,0,1,1,0,0,1,0,0,0,0,0,0,0,0,0,0,0,1
1937,0,1,0,0,0,0,0,0,0,0,0,0,0,0,0,0,0,0,14382
1937,0,1,0,0,0,0,0,0,0,0,0,0,0,0,0,0,0,1,111
1937,0,1,0,0,0,0,0,0,0,0,0,0,0,0,0,0,1,0,2
1937,0,1,0,0,0,0,0,0,0,0,0,0,0,0,1,0,0,0,1
1937,0,1,0,0,0,0,0,0,0,0,0,0,1,0,0,0,0,0,4
1937,0,1,0,0,0,0,0,0,0,0,0,1,0,0,0,0,0,0,1
1937,0,1,0,0,0,0,0,0,0,1,0,0,0,0,0,0,0,0,1
1937,0,1,0,0,0,0,0,1,0,0,0,0,0,0,0,0,0,0,1
1937,0,1,0,0,0,0,1,0,0,0,0,0,0,0,0,0,0,0,4
1937,0,1,0,1,0,0,0,0,0,0,0,0,0,0,0,0,0,0,32
1937,0,1,0,1,0,0,0,0,0,0,0,0,0,0,0,0,0,1,2
1937,0,1,1,0,0,0,0,0,0,0,0,0,0,0,0,0,0,0,7
1937,0,1,1,0,0,0,0,0,0,0,0,0,0,0,0,0,0,1,2
1937,0,1,1,1,0,0,1,0,0,0,0,0,0,0,0,0,0,0,1
1937,1,0,0,0,0,0,0,0,0,0,0,0,0,0,0,0,0,0,18907
1937,1,0,0,0,0,0,0,0,0,0,0,0,0,0,0,0,0,1,345
1937,1,0,0,0,0,0,0,0,0,0,0,0,0,0,0,0,1,0,14
1937,1,0,0,0,0,0,0,0,0,0,0,1,0,0,0,0,0,0,2
1937,1,0,0,0,0,0,1,0,0,0,0,0,0,0,0,0,0,0,1
1937,1,0,0,1,0,0,0,0,0,0,0,0,0,0,0,0,0,0,64
1937,1,0,0,1,0,0,0,0,0,0,0,0,0,0,0,0,0,1,2
1937,1,0,0,1,0,0,0,0,0,0,0,1,0,0,0,0,0,0,1
1937,1,0,1,0,0,0,0,0,0,0,0,0,0,0,0,0,0,0,1
1937,1,1,0,0,0,0,0,0,0,0,0,0,0,0,0,0,0,0,5
1938,0,0,0,0,0,0,0,0,0,0,0,0,0,0,0,0,0,0,140164
1938,0,0,0,0,0,0,0,0,0,0,0,0,0,0,0,0,0,1,5421
1938,0,0,0,0,0,0,0,0,0,0,0,0,0,0,0,0,1,0,81
1938,0,0,0,0,0,0,0,0,0,0,0,0,0,0,0,0,1,1,1
1938,0,0,0,0,0,0,0,0,0,0,0,0,0,0,0,1,0,0,2447
1938,0,0,0,0,0,0,0,0,0,0,0,0,0,0,0,1,0,1,11
1938,0,0,0,0,0,0,0,0,0,0,0,0,0,0,1,0,0,0,3048
1938,0,0,0,0,0,0,0,0,0,0,0,0,0,0,1,0,0,1,248
1938,0,0,0,0,0,0,0,0,0,0,0,0,0,0,1,0,1,0,2
1938,0,0,0,0,0,0,0,0,0,0,0,0,0,1,0,0,0,0,147
1938,0,0,0,0,0,0,0,0,0,0,0,0,1,0,0,0,0,0,654
1938,0,0,0,0,0,0,0,0,0,0,0,0,1,0,0,0,0,1,14
1938,0,0,0,0,0,0,0,0,0,0,0,1,0,0,0,0,0,0,4240
1938,0,0,0,0,0,0,0,0,0,0,0,1,0,0,0,0,0,1,396
1938,0,0,0,0,0,0,0,0,0,0,0,1,0,0,0,0,1,0,2
1938,0,0,0,0,0,0,0,0,0,0,1,0,0,0,0,0,0,0,1235
1938,0,0,0,0,0,0,0,0,0,0,1,0,0,0,0,0,0,1,9
1938,0,0,0,0,0,0,0,0,0,1,0,0,0,0,0,0,0,0,4449
1938,0,0,0,0,0,0,0,0,0,1,0,0,0,0,0,0,0,1,83
1938,0,0,0,0,0,0,0,0,0,1,0,0,0,0,0,0,1,0,67
1938,0,0,0,0,0,0,0,0,0,1,0,0,0,0,0,0,1,1,1
1938,0,0,0,0,0,0,0,0,0,1,1,0,0,0,0,0,0,0,1
1938,0,0,0,0,0,0,0,0,1,0,0,0,0,0,0,0,0,0,482
1938,0,0,0,0,0,0,0,0,1,0,0,0,0,0,0,0,0,1,12
1938,0,0,0,0,0,0,0,1,0,0,0,0,0,0,0,0,0,0,192
1938,0,0,0,0,0,0,1,0,0,0,0,0,0,0,0,0,0,0,3909
1938,0,0,0,0,0,0,1,0,0,0,0,0,0,0,0,0,0,1,306
1938,0,0,0,0,0,0,1,0,0,0,0,0,0,0,0,0,1,0,5
1938,0,0,0,0,0,0,1,0,0,0,0,0,0,0,0,0,1,1,2
1938,0,0,0,0,0,0,1,0,0,0,0,0,0,0,0,1,0,0,1
1938,0,0,0,0,0,0,1,0,0,0,0,0,0,0,1,0,0,0,1
1938,0,0,0,0,0,1,0,0,0,0,0,0,0,0,0,0,0,0,637
1938,0,0,0,0,0,1,0,0,0,0,0,0,0,0,0,0,0,1,1
1938,0,0,0,0,1,0,0,0,0,0,0,0,0,0,0,0,0,0,453
1938,0,0,0,1,0,0,0,0,0,0,0,0,0,0,0,0,0,0,9994
1938,0,0,0,1,0,0,0,0,0,0,0,0,0,0,0,0,0,1,344
1938,0,0,0,1,0,0,0,0,0,0,0,0,0,0,0,0,1,0,7
1938,0,0,0,1,0,0,0,0,0,0,0,0,0,0,0,0,1,1,1
1938,0,0,0,1,0,0,0,0,0,0,0,0,0,0,0,1,0,0,9
1938,0,0,0,1,0,0,0,0,0,0,0,0,0,0,1,0,0,0,2
1938,0,0,0,1,0,0,0,0,0,0,0,0,1,0,0,0,0,0,2
1938,0,0,0,1,0,0,0,0,0,0,0,1,0,0,0,0,0,0,5
1938,0,0,0,1,0,0,0,0,0,1,0,0,0,0,0,0,0,0,1
1938,0,0,0,1,0,0,1,0,0,0,0,0,0,0,0,0,0,0,7
1938,0,0,0,1,0,1,0,0,0,0,0,0,0,0,0,0,0,0,4
1938,0,0,1,0,0,0,0,0,0,0,0,0,0,0,0,0,0,0,2706
1938,0,0,1,0,0,0,0,0,0,0,0,0,0,0,0,0,0,1,4803
1938,0,0,1,0,0,0,0,0,0,0,0,0,0,0,0,0,1,1,2
1938,0,0,1,0,0,0,0,0,0,0,0,0,0,0,1,0,0,0,1
1938,0,0,1,0,0,0,0,0,0,0,0,1,0,0,0,0,0,0,7
1938,0,0,1,0,0,0,1,0,0,0,0,0,0,0,0,0,0,0,7
1938,0,0,1,1,0,0,0,0,0,0,0,0,0,0,0,0,0,0,7
1938,0,0,1,1,0,0,0,0,0,0,0,0,0,0,0,0,0,1,1
1938,0,1,0,0,0,0,0,0,0,0,0,0,0,0,0,0,0,0,9846
1938,0,1,0,0,0,0,0,0,0,0,0,0,0,0,0,0,0,1,67
1938,0,1,0,0,0,0,0,0,0,0,0,0,0,0,0,0,1,0,4
1938,0,1,0,0,0,0,0,0,0,0,0,0,0,0,1,0,0,0,2
1938,0,1,0,0,0,0,0,0,0,0,0,0,1,0,0,0,0,0,1
1938,0,1,0,1,0,0,0,0,0,0,0,0,0,0,0,0,0,0,11
1938,0,1,1,0,0,0,0,0,0,0,0,0,0,0,0,0,0,0,9
1938,0,1,1,0,0,0,0,0,0,0,0,0,0,0,0,0,0,1,1
1938,0,1,1,0,0,0,1,0,0,0,0,0,0,0,0,0,0,0,1
1938,1,0,0,0,0,0,0,0,0,0,0,0,0,0,0,0,0,0,7885
1938,1,0,0,0,0,0,0,0,0,0,0,0,0,0,0,0,0,1,115
1938,1,0,0,0,0,0,0,0,0,0,0,0,0,0,0,0,1,0,8
1938,1,0,0,0,0,0,0,0,0,0,0,1,0,0,0,0,0,0,1
1938,1,0,0,1,0,0,0,0,0,0,0,0,0,0,0,0,0,0,13
1938,1,0,1,0,0,0,0,0,0,0,0,0,0,0,0,0,0,0,1
1939,0,0,0,0,0,0,0,0,0,0,0,0,0,0,0,0,0,0,10518
1939,0,0,0,0,0,0,0,0,0,0,0,0,0,0,0,0,0,1,318
1939,0,0,0,0,0,0,0,0,0,0,0,0,0,0,0,0,1,0,4
1939,0,0,0,0,0,0,0,0,0,0,0,0,0,0,0,1,0,0,204
1939,0,0,0,0,0,0,0,0,0,0,0,0,0,0,0,1,0,1,4
1939,0,0,0,0,0,0,0,0,0,0,0,0,0,0,1,0,0,0,26
1939,0,0,0,0,0,0,0,0,0,0,0,0,0,0,1,0,0,1,5
1939,0,0,0,0,0,0,0,0,0,0,0,0,0,1,0,0,0,0,44
1939,0,0,0,0,0,0,0,0,0,0,0,0,1,0,0,0,0,0,29
1939,0,0,0,0,0,0,0,0,0,0,0,1,0,0,0,0,0,0,63
1939,0,0,0,0,0,0,0,0,0,0,0,1,0,0,0,0,0,1,7
1939,0,0,0,0,0,0,0,0,0,0,1,0,0,0,0,0,0,0,24
1939,0,0,0,0,0,0,0,0,0,0,1,0,0,0,0,0,0,1,4
1939,0,0,0,0,0,0,0,0,0,1,0,0,0,0,0,0,0,0,233
1939,0,0,0,0,0,0,0,0,0,1,0,0,0,0,0,0,0,1,3
1939,0,0,0,0,0,0,0,0,1,0,0,0,0,0,0,0,0,0,50
1939,0,0,0,0,0,0,0,0,1,0,0,0,0,0,0,0,0,1,2
1939,0,0,0,0,0,0,0,1,0,0,0,0,0,0,0,0,0,0,6
1939,0,0,0,0,0,0,1,0,0,0,0,0,0,0,0,0,0,0,455
1939,0,0,0,0,0,0,1,0,0,0,0,0,0,0,0,0,0,1,35
1939,0,0,0,0,0,1,0,0,0,0,0,0,0,0,0,0,0,0,31
1939,0,0,0,0,1,0,0,0,0,0,0,0,0,0,0,0,0,0,64
1939,0,0,0,1,0,0,0,0,0,0,0,0,0,0,0,0,0,0,1559
1939,0,0,0,1,0,0,0,0,0,0,0,0,0,0,0,0,0,1,63
1939,0,0,0,1,0,0,0,0,0,0,0,0,0,0,0,1,0,0,1
1939,0,0,1,0,0,0,0,0,0,0,0,0,0,0,0,0,0,0,71
1939,0,0,1,0,0,0,0,0,0,0,0,0,0,0,0,0,0,1,68
1939,0,0,1,1,0,0,0,0,0,0,0,0,0,0,0,0,0,0,1
1939,0,1,0,0,0,0,0,0,0,0,0,0,0,0,0,0,0,0,666
1939,0,1,0,0,0,0,0,0,0,0,0,0,0,0,0,0,0,1,5
1939,1,0,0,0,0,0,0,0,0,0,0,0,0,0,0,0,0,0,1482
1939,1,0,0,0,0,0,0,0,0,0,0,0,0,0,0,0,0,1,32
1939,1,0,0,1,0,0,0,0,0,0,0,0,0,0,0,0,0,0,10
1940,0,0,0,0,0,0,0,0,0,0,0,0,0,0,0,0,0,0,29497
1940,0,0,0,0,0,0,0,0,0,0,0,0,0,0,0,0,0,1,1325
1940,0,0,0,0,0,0,0,0,0,0,0,0,0,0,0,0,1,0,6
1940,0,0,0,0,0,0,0,0,0,0,0,0,0,0,0,1,0,0,345
1940,0,0,0,0,0,0,0,0,0,0,0,0,0,0,0,1,0,1,3
1940,0,0,0,0,0,0,0,0,0,0,0,0,0,0,1,0,0,0,158
1940,0,0,0,0,0,0,0,0,0,0,0,0,0,0,1,0,0,1,14
1940,0,0,0,0,0,0,0,0,0,0,0,0,0,1,0,0,0,0,58
1940,0,0,0,0,0,0,0,0,0,0,0,0,1,0,0,0,0,0,78
1940,0,0,0,0,0,0,0,0,0,0,0,0,1,0,0,0,0,1,1
1940,0,0,0,0,0,0,0,0,0,0,0,1,0,0,0,0,0,0,131
1940,0,0,0,0,0,0,0,0,0,0,0,1,0,0,0,0,0,1,15
1940,0,0,0,0,0,0,0,0,0,0,1,0,0,0,0,0,0,0,10
1940,0,0,0,0,0,0,0,0,0,1,0,0,0,0,0,0,0,0,103
1940,0,0,0,0,0,0,0,0,0,1,0,0,0,0,0,0,0,1,4
1940,0,0,0,0,0,0,0,0,1,0,0,0,0,0,0,0,0,0,91
1940,0,0,0,0,0,0,0,1,0,0,0,0,0,0,0,0,0,0,10
1940,0,0,0,0,0,0,1,0,0,0,0,0,0,0,0,0,0,0,7963
1940,0,0,0,0,0,0,1,0,0,0,0,0,0,0,0,0,0,1,835
1940,0,0,0,0,0,0,1,0,0,0,0,0,0,0,0,0,1,0,5
1940,0,0,0,0,0,1,0,0,0,0,0,0,0,0,0,0,0,0,5
1940,0,0,0,0,0,1,0,0,0,0,0,0,0,0,0,0,0,1,2
1940,0,0,0,0,1,0,0,0,0,0,0,0,0,0,0,0,0,0,17
1940,0,0,0,0,1,0,0,0,0,0,0,0,0,0,0,0,0,1,1
1940,0,0,0,1,0,0,0,0,0,0,0,0,0,0,0,0,0,0,11728
1940,0,0,0,1,0,0,0,0,0,0,0,0,0,0,0,0,0,1,319
1940,0,0,0,1,0,0,0,0,0,0,0,0,0,0,0,0,1,0,2
1940,0,0,0,1,0,0,0,0,0,0,0,0,0,0,0,1,0,0,2
1940,0,0,0,1,0,0,0,0,0,0,0,0,1,0,0,0,0,0,2
1940,0,0,0,1,0,0,1,0,0,0,0,0,0,0,0,0,0,0,2
1940,0,0,1,0,0,0,0,0,0,0,0,0,0,0,0,0,0,0,84
1940,0,0,1,0,0,0,0,0,0,0,0,0,0,0,0,0,0,1,113
1940,0,0,1,0,0,0,1,0,0,0,0,0,0,0,0,0,0,0,1
1940,0,0,1,1,0,0,0,0,0,0,0,0,0,0,0,0,0,0,1
1940,0,1,0,0,0,0,0,0,0,0,0,0,0,0,0,0,0,0,1414
1940,0,1,0,0,0,0,0,0,0,0,0,0,0,0,0,0,0,1,21
1940,0,1,0,0,0,0,0,0,0,0,0,0,0,0,0,0,1,0,1
1940,1,0,0,0,0,0,0,0,0,0,0,0,0,0,0,0,0,0,4292
1940,1,0,0,0,0,0,0,0,0,0,0,0,0,0,0,0,0,1,63
1940,1,0,0,0,0,0,1,0,0,0,0,0,0,0,0,0,0,0,1
1940,1,0,0,1,0,0,0,0,0,0,0,0,0,0,0,0,0,0,3
1940,1,0,1,0,0,0,0,0,0,0,0,0,0,0,0,0,0,0,1
1941,0,0,0,0,0,0,0,0,0,0,0,0,0,0,0,0,0,0,63173
1941,0,0,0,0,0,0,0,0,0,0,0,0,0,0,0,0,0,1,36082
1941,0,0,0,0,0,0,0,0,0,0,0,0,0,0,0,0,1,0,21
1941,0,0,0,0,0,0,0,0,0,0,0,0,0,0,0,1,0,0,855
1941,0,0,0,0,0,0,0,0,0,0,0,0,0,0,0,1,0,1,6
1941,0,0,0,0,0,0,0,0,0,0,0,0,0,0,1,0,0,0,134
1941,0,0,0,0,0,0,0,0,0,0,0,0,0,0,1,0,0,1,7
1941,0,0,0,0,0,0,0,0,0,0,0,0,0,1,0,0,0,0,52
1941,0,0,0,0,0,0,0,0,0,0,0,0,1,0,0,0,0,0,177
1941,0,0,0,0,0,0,0,0,0,0,0,0,1,0,0,0,0,1,8
1941,0,0,0,0,0,0,0,0,0,0,0,0,1,0,0,0,1,0,1
1941,0,0,0,0,0,0,0,0,0,0,0,1,0,0,0,0,0,0,307
1941,0,0,0,0,0,0,0,0,0,0,0,1,0,0,0,0,0,1,28
1941,0,0,0,0,0,0,0,0,0,0,0,1,1,0,0,0,0,0,1
1941,0,0,0,0,0,0,0,0,0,0,1,0,0,0,0,0,0,0,38
1941,0,0,0,0,0,0,0,0,0,1,0,0,0,0,0,0,0,0,111
1941,0,0,0,0,0,0,0,0,0,1,0,0,0,0,0,0,0,1,1
1941,0,0,0,0,0,0,0,0,1,0,0,0,0,0,0,0,0,0,209
1941,0,0,0,0,0,0,0,0,1,0,0,0,0,0,0,0,0,1,4
1941,0,0,0,0,0,0,0,1,0,0,0,0,0,0,0,0,0,0,21
1941,0,0,0,0,0,0,1,0,0,0,0,0,0,0,0,0,0,0,986
1941,0,0,0,0,0,0,1,0,0,0,0,0,0,0,0,0,0,1,118
1941,0,0,0,0,0,0,1,0,0,0,0,0,0,0,0,0,1,1,1
1941,0,0,0,0,0,1,0,0,0,0,0,0,0,0,0,0,0,0,28
1941,0,0,0,0,1,0,0,0,0,0,0,0,0,0,0,0,0,0,85
1941,0,0,0,1,0,0,0,0,0,0,0,0,0,0,0,0,0,0,2184
1941,0,0,0,1,0,0,0,0,0,0,0,0,0,0,0,0,0,1,100
1941,0,0,0,1,0,0,0,0,0,0,0,0,0,0,0,0,1,0,1
1941,0,0,0,1,0,0,1,0,0,0,0,0,0,0,0,0,0,0,2
1941,0,0,1,0,0,0,0,0,0,0,0,0,0,0,0,0,0,0,2328
1941,0,0,1,0,0,0,0,0,0,0,0,0,0,0,0,0,0,1,12151
1941,0,0,1,0,0,0,0,0,0,0,0,1,0,0,0,0,0,0,2
1941,0,0,1,0,0,0,1,0,0,0,0,0,0,0,0,0,0,0,3
1941,0,0,1,1,0,0,0,0,0,0,0,0,0,0,0,0,0,0,1
1941,0,0,1,1,0,0,0,0,0,0,0,0,0,0,0,0,0,1,3
1941,0,1,0,0,0,0,0,0,0,0,0,0,0,0,0,0,0,0,2672
1941,0,1,0,0,0,0,0,0,0,0,0,0,0,0,0,0,0,1,19
1941,0,1,0,0,0,0,1,0,0,0,0,0,0,0,0,0,0,0,1
1941,0,1,0,1,0,0,0,0,0,0,0,0,0,0,0,0,0,0,3
1941,0,1,1,0,0,0,0,0,0,0,0,0,0,0,0,0,0,0,2
1941,1,0,0,0,0,0,0,0,0,0,0,0,0,0,0,0,0,0,1198
1941,1,0,0,0,0,0,0,0,0,0,0,0,0,0,0,0,0,1,19
1941,1,0,0,0,0,0,0,0,0,0,0,0,0,0,0,0,1,0,1
1941,1,0,0,1,0,0,0,0,0,0,0,0,0,0,0,0,0,0,5
1942,0,0,0,0,0,0,0,0,0,0,0,0,0,0,0,0,0,0,59742
1942,0,0,0,0,0,0,0,0,0,0,0,0,0,0,0,0,0,1,8117
1942,0,0,0,0,0,0,0,0,0,0,0,0,0,0,0,0,1,0,16
1942,0,0,0,0,0,0,0,0,0,0,0,0,0,0,0,1,0,0,1019
1942,0,0,0,0,0,0,0,0,0,0,0,0,0,0,0,1,0,1,1
1942,0,0,0,0,0,0,0,0,0,0,0,0,0,0,1,0,0,0,199
1942,0,0,0,0,0,0,0,0,0,0,0,0,0,0,1,0,0,1,9
1942,0,0,0,0,0,0,0,0,0,0,0,0,0,1,0,0,0,0,172
1942,0,0,0,0,0,0,0,0,0,0,0,0,1,0,0,0,0,0,55
1942,0,0,0,0,0,0,0,0,0,0,0,0,1,0,0,0,0,1,1
1942,0,0,0,0,0,0,0,0,0,0,0,1,0,0,0,0,0,0,129
1942,0,0,0,0,0,0,0,0,0,0,0,1,0,0,0,0,0,1,9
1942,0,0,0,0,0,0,0,0,0,0,1,0,0,0,0,0,0,0,20
1942,0,0,0,0,0,0,0,0,0,1,0,0,0,0,0,0,0,0,77
1942,0,0,0,0,0,0,0,0,0,1,0,0,0,0,0,0,0,1,4
1942,0,0,0,0,0,0,0,0,1,0,0,0,0,0,0,0,0,0,269
1942,0,0,0,0,0,0,0,0,1,0,0,0,0,0,0,0,0,1,2
1942,0,0,0,0,0,0,0,1,0,0,0,0,0,0,0,0,0,0,5
1942,0,0,0,0,0,0,1,0,0,0,0,0,0,0,0,0,0,0,541
1942,0,0,0,0,0,0,1,0,0,0,0,0,0,0,0,0,0,1,60
1942,0,0,0,0,0,0,1,0,0,0,0,0,0,0,0,0,1,0,1
1942,0,0,0,0,0,1,0,0,0,0,0,0,0,0,0,0,0,0,68
1942,0,0,0,0,1,0,0,0,0,0,0,0,0,0,0,0,0,0,101
1942,0,0,0,1,0,0,0,0,0,0,0,0,0,0,0,0,0,0,427
1942,0,0,0,1,0,0,0,0,0,0,0,0,0,0,0,0,0,1,23
1942,0,0,0,1,0,0,0,0,0,0,0,0,0,0,0,0,1,1,1
1942,0,0,0,1,0,0,1,0,0,0,0,0,0,0,0,0,0,0,2
1942,0,0,1,0,0,0,0,0,0,0,0,0,0,0,0,0,0,0,964
1942,0,0,1,0,0,0,0,0,0,0,0,0,0,0,0,0,0,1,1997
1942,0,0,1,0,0,0,0,0,0,0,0,1,0,0,0,0,0,0,1
1942,0,0,1,0,0,0,1,0,0,0,0,0,0,0,0,0,0,0,1
1942,0,0,1,1,0,0,0,0,0,0,0,0,0,0,0,0,0,0,2
1942,0,0,1,1,0,0,0,0,0,0,0,0,0,0,0,0,0,1,1
1942,0,1,0,0,0,0,0,0,0,0,0,0,0,0,0,0,0,0,2320
1942,0,1,0,0,0,0,0,0,0,0,0,0,0,0,0,0,0,1,32
1942,0,1,0,0,0,0,0,0,0,0,0,0,0,0,0,0,1,0,1
1942,0,1,0,0,0,0,0,0,0,0,0,0,0,0,0,1,0,0,2
1942,0,1,0,0,0,0,0,0,1,0,0,0,0,0,0,0,0,0,1
1942,0,1,0,1,0,0,0,0,0,0,0,0,0,0,0,0,0,0,2
1942,1,0,0,0,0,0,0,0,0,0,0,0,0,0,0,0,0,0,572
1942,1,0,0,0,0,0,0,0,0,0,0,0,0,0,0,0,0,1,18
1942,1,0,0,0,0,0,1,0,0,0,0,0,0,0,0,0,0,0,1
1942,1,0,0,1,0,0,0,0,0,0,0,0,0,0,0,0,0,0,2
1942,1,0,1,0,0,0,0,0,0,0,0,0,0,0,0,0,0,0,1
1943,0,0,0,0,0,0,0,0,0,0,0,0,0,0,0,0,0,0,25388
1943,0,0,0,0,0,0,0,0,0,0,0,0,0,0,0,0,0,1,1598
1943,0,0,0,0,0,0,0,0,0,0,0,0,0,0,0,0,1,0,10
1943,0,0,0,0,0,0,0,0,0,0,0,0,0,0,0,1,0,0,484
1943,0,0,0,0,0,0,0,0,0,0,0,0,0,0,0,1,0,1,2
1943,0,0,0,0,0,0,0,0,0,0,0,0,0,0,1,0,0,0,80
1943,0,0,0,0,0,0,0,0,0,0,0,0,0,0,1,0,0,1,11
1943,0,0,0,0,0,0,0,0,0,0,0,0,0,1,0,0,0,0,216
1943,0,0,0,0,0,0,0,0,0,0,0,0,1,0,0,0,0,0,29
1943,0,0,0,0,0,0,0,0,0,0,0,1,0,0,0,0,0,0,85
1943,0,0,0,0,0,0,0,0,0,0,0,1,0,0,0,0,0,1,9
1943,0,0,0,0,0,0,0,0,0,0,1,0,0,0,0,0,0,0,11
1943,0,0,0,0,0,0,0,0,0,1,0,0,0,0,0,0,0,0,87
1943,0,0,0,0,0,0,0,0,0,1,0,0,0,0,0,0,0,1,3
1943,0,0,0,0,0,0,0,0,1,0,0,0,0,0,0,0,0,0,309
1943,0,0,0,0,0,0,0,1,0,0,0,0,0,0,0,0,0,0,10
1943,0,0,0,0,0,0,1,0,0,0,0,0,0,0,0,0,0,0,334
1943,0,0,0,0,0,0,1,0,0,0,0,0,0,0,0,0,0,1,45
1943,0,0,0,0,0,1,0,0,0,0,0,0,0,0,0,0,0,0,18
1943,0,0,0,0,1,0,0,0,0,0,0,0,0,0,0,0,0,0,139
1943,0,0,0,1,0,0,0,0,0,0,0,0,0,0,0,0,0,0,495
1943,0,0,0,1,0,0,0,0,0,0,0,0,0,0,0,0,0,1,35
1943,0,0,0,1,0,0,0,0,0,0,0,0,0,0,0,0,1,0,1
1943,0,0,0,1,0,0,1,0,0,0,0,0,0,0,0,0,0,0,1
1943,0,0,1,0,0,0,0,0,0,0,0,0,0,0,0,0,0,0,371
1943,0,0,1,0,0,0,0,0,0,0,0,0,0,0,0,0,0,1,621
1943,0,0,1,0,0,0,0,0,0,0,0,0,0,1,0,0,0,0,1
1943,0,0,1,0,0,0,0,0,0,0,0,1,0,0,0,0,0,0,2
1943,0,0,1,0,0,0,0,0,0,0,0,1,0,0,0,0,0,1,1
1943,0,0,1,0,0,0,1,0,0,0,0,0,0,0,0,0,0,0,1
1943,0,1,0,0,0,0,0,0,0,0,0,0,0,0,0,0,0,0,1535
1943,0,1,0,0,0,0,0,0,0,0,0,0,0,0,0,0,0,1,15
1943,0,1,0,1,0,0,0,0,0,0,0,0,0,0,0,0,0,0,3
1943,1,0,0,0,0,0,0,0,0,0,0,0,0,0,0,0,0,0,408
1943,1,0,0,0,0,0,0,0,0,0,0,0,0,0,0,0,0,1,3
1943,1,0,0,1,0,0,0,0,0,0,0,0,0,0,0,0,0,0,2
1944,0,0,0,0,0,0,0,0,0,0,0,0,0,0,0,0,0,0,31108
1944,0,0,0,0,0,0,0,0,0,0,0,0,0,0,0,0,0,1,877
1944,0,0,0,0,0,0,0,0,0,0,0,0,0,0,0,0,1,0,88
1944,0,0,0,0,0,0,0,0,0,0,0,0,0,0,0,1,0,0,281
1944,0,0,0,0,0,0,0,0,0,0,0,0,0,0,0,1,0,1,1
1944,0,0,0,0,0,0,0,0,0,0,0,0,0,0,1,0,0,0,76
1944,0,0,0,0,0,0,0,0,0,0,0,0,0,0,1,0,0,1,4
1944,0,0,0,0,0,0,0,0,0,0,0,0,0,1,0,0,0,0,55
1944,0,0,0,0,0,0,0,0,0,0,0,0,1,0,0,0,0,0,45
1944,0,0,0,0,0,0,0,0,0,0,0,1,0,0,0,0,0,0,53
1944,0,0,0,0,0,0,0,0,0,0,0,1,0,0,0,0,0,1,3
1944,0,0,0,0,0,0,0,0,0,0,1,0,0,0,0,0,0,0,9
1944,0,0,0,0,0,0,0,0,0,1,0,0,0,0,0,0,0,0,34
1944,0,0,0,0,0,0,0,0,0,1,0,0,0,0,0,0,0,1,1
1944,0,0,0,0,0,0,0,0,1,0,0,0,0,0,0,0,0,0,163
1944,0,0,0,0,0,0,1,0,0,0,0,0,0,0,0,0,0,0,213
1944,0,0,0,0,0,0,1,0,0,0,0,0,0,0,0,0,0,1,32
1944,0,0,0,0,0,1,0,0,0,0,0,0,0,0,0,0,0,0,12
1944,0,0,0,0,1,0,0,0,0,0,0,0,0,0,0,0,0,0,28
1944,0,0,0,1,0,0,0,0,0,0,0,0,0,0,0,0,0,0,1609
1944,0,0,0,1,0,0,0,0,0,0,0,0,0,0,0,0,0,1,65
1944,0,0,0,1,0,0,1,0,0,0,0,0,0,0,0,0,0,0,4
1944,0,0,1,0,0,0,0,0,0,0,0,0,0,0,0,0,0,0,224
1944,0,0,1,0,0,0,0,0,0,0,0,0,0,0,0,0,0,1,342
1944,0,1,0,0,0,0,0,0,0,0,0,0,0,0,0,0,0,0,893
1944,0,1,0,0,0,0,0,0,0,0,0,0,0,0,0,0,0,1,9
1944,0,1,0,1,0,0,0,0,0,0,0,0,0,0,0,0,0,0,8
1944,0,1,1,0,0,0,0,0,0,0,0,0,0,0,0,0,0,1,1
1944,1,0,0,0,0,0,0,0,0,0,0,0,0,0,0,0,0,0,2637
1944,1,0,0,0,0,0,0,0,0,0,0,0,0,0,0,0,0,1,48
1944,1,0,0,0,0,0,0,0,0,0,0,0,0,0,0,0,1,0,4
1944,1,0,0,1,0,0,0,0,0,0,0,0,0,0,0,0,0,0,11
1945,0,0,0,0,0,0,0,0,0,0,0,0,0,0,0,0,0,0,12596
1945,0,0,0,0,0,0,0,0,0,0,0,0,0,0,0,0,0,1,1701
1945,0,0,0,0,0,0,0,0,0,0,0,0,0,0,0,0,1,0,89
1945,0,0,0,0,0,0,0,0,0,0,0,0,0,0,0,1,0,0,222
1945,0,0,0,0,0,0,0,0,0,0,0,0,0,0,0,1,0,1,2
1945,0,0,0,0,0,0,0,0,0,0,0,0,0,0,1,0,0,0,63
1945,0,0,0,0,0,0,0,0,0,0,0,0,0,0,1,0,0,1,4
1945,0,0,0,0,0,0,0,0,0,0,0,0,0,1,0,0,0,0,18
1945,0,0,0,0,0,0,0,0,0,0,0,0,1,0,0,0,0,0,51
1945,0,0,0,0,0,0,0,0,0,0,0,1,0,0,0,0,0,0,38
1945,0,0,0,0,0,0,0,0,0,0,0,1,0,0,0,0,0,1,2
1945,0,0,0,0,0,0,0,0,0,0,1,0,0,0,0,0,0,0,9
1945,0,0,0,0,0,0,0,0,0,1,0,0,0,0,0,0,0,0,122
1945,0,0,0,0,0,0,0,0,0,1,0,0,0,0,0,0,0,1,5
1945,0,0,0,0,0,0,0,0,1,0,0,0,0,0,0,0,0,0,117
1945,0,0,0,0,0,0,0,0,1,0,0,0,0,0,0,0,0,1,1
1945,0,0,0,0,0,0,0,1,0,0,0,0,0,0,0,0,0,0,1
1945,0,0,0,0,0,0,1,0,0,0,0,0,0,0,0,0,0,0,138
1945,0,0,0,0,0,0,1,0,0,0,0,0,0,0,0,0,0,1,19
1945,0,0,0,0,0,1,0,0,0,0,0,0,0,0,0,0,0,0,17
1945,0,0,0,0,1,0,0,0,0,0,0,0,0,0,0,0,0,0,40
1945,0,0,0,1,0,0,0,0,0,0,0,0,0,0,0,0,0,0,1898
1945,0,0,0,1,0,0,0,0,0,0,0,0,0,0,0,0,0,1,59
1945,0,0,1,0,0,0,0,0,0,0,0,0,0,0,0,0,0,0,254
1945,0,0,1,0,0,0,0,0,0,0,0,0,0,0,0,0,0,1,338
1945,0,0,1,1,0,0,0,0,0,0,0,0,0,0,0,0,0,0,1
1945,0,0,1,1,0,0,0,0,0,0,0,0,0,0,0,0,0,1,1
1945,0,1,0,0,0,0,0,0,0,0,0,0,0,0,0,0,0,0,931
1945,0,1,0,0,0,0,0,0,0,0,0,0,0,0,0,0,0,1,14
1945,0,1,0,0,0,0,0,0,0,0,0,0,1,0,0,0,0,0,7
1945,0,1,0,1,0,0,0,0,0,0,0,0,0,0,0,0,0,0,6
1945,1,0,0,0,0,0,0,0,0,0,0,0,0,0,0,0,0,0,1639
1945,1,0,0,0,0,0,0,0,0,0,0,0,0,0,0,0,0,1,34
1945,1,0,0,0,0,0,0,0,0,0,0,0,0,0,0,0,1,0,1
1945,1,0,0,1,0,0,0,0,0,0,0,0,0,0,0,0,0,0,12
1945,1,0,0,1,0,0,0,0,0,0,0,0,0,0,0,0,0,1,2
1945,1,1,0,0,0,0,0,0,0,0,0,0,0,0,0,0,0,0,1
1946,0,0,0,0,0,0,0,0,0,0,0,0,0,0,0,0,0,0,7984
1946,0,0,0,0,0,0,0,0,0,0,0,0,0,0,0,0,0,1,1557
1946,0,0,0,0,0,0,0,0,0,0,0,0,0,0,0,0,1,0,48
1946,0,0,0,0,0,0,0,0,0,0,0,0,0,0,0,1,0,0,121
1946,0,0,0,0,0,0,0,0,0,0,0,0,0,0,0,1,0,1,2
1946,0,0,0,0,0,0,0,0,0,0,0,0,0,0,1,0,0,0,20
1946,0,0,0,0,0,0,0,0,0,0,0,0,0,0,1,0,0,1,4
1946,0,0,0,0,0,0,0,0,0,0,0,0,0,1,0,0,0,0,10
1946,0,0,0,0,0,0,0,0,0,0,0,0,1,0,0,0,0,0,45
1946,0,0,0,0,0,0,0,0,0,0,0,1,0,0,0,0,0,0,23
1946,0,0,0,0,0,0,0,0,0,0,1,0,0,0,0,0,0,0,55
1946,0,0,0,0,0,0,0,0,0,0,1,0,0,0,0,0,0,1,1
1946,0,0,0,0,0,0,0,0,0,1,0,0,0,0,0,0,0,0,69
1946,0,0,0,0,0,0,0,0,0,1,0,0,0,0,0,0,0,1,1
1946,0,0,0,0,0,0,0,0,1,0,0,0,0,0,0,0,0,0,84
1946,0,0,0,0,0,0,1,0,0,0,0,0,0,0,0,0,0,0,57
1946,0,0,0,0,0,0,1,0,0,0,0,0,0,0,0,0,0,1,6
1946,0,0,0,0,0,1,0,0,0,0,0,0,0,0,0,0,0,0,6
1946,0,0,0,0,1,0,0,0,0,0,0,0,0,0,0,0,0,0,20
1946,0,0,0,1,0,0,0,0,0,0,0,0,0,0,0,0,0,0,936
1946,0,0,0,1,0,0,0,0,0,0,0,0,0,0,0,0,0,1,33
1946,0,0,1,0,0,0,0,0,0,0,0,0,0,0,0,0,0,0,222
1946,0,0,1,0,0,0,0,0,0,0,0,0,0,0,0,0,0,1,325
1946,0,0,1,1,0,0,0,0,0,0,0,0,0,0,0,0,0,1,2
1946,0,1,0,0,0,0,0,0,0,0,0,0,0,0,0,0,0,0,637
1946,0,1,0,0,0,0,0,0,0,0,0,0,0,0,0,0,0,1,6
1946,0,1,0,1,0,0,0,0,0,0,0,0,0,0,0,0,0,0,1
1946,1,0,0,0,0,0,0,0,0,0,0,0,0,0,0,0,0,0,605
1946,1,0,0,0,0,0,0,0,0,0,0,0,0,0,0,0,0,1,5
1946,1,0,0,0,0,0,0,0,0,0,0,0,0,0,0,0,1,0,1
1946,1,0,0,1,0,0,0,0,0,0,0,0,0,0,0,0,0,0,2
1947,0,0,0,0,0,0,0,0,0,0,0,0,0,0,0,0,0,0,5120
1947,0,0,0,0,0,0,0,0,0,0,0,0,0,0,0,0,0,1,662
1947,0,0,0,0,0,0,0,0,0,0,0,0,0,0,0,0,1,0,35
1947,0,0,0,0,0,0,0,0,0,0,0,0,0,0,0,1,0,0,84
1947,0,0,0,0,0,0,0,0,0,0,0,0,0,0,1,0,0,0,11
1947,0,0,0,0,0,0,0,0,0,0,0,0,0,0,1,0,0,1,2
1947,0,0,0,0,0,0,0,0,0,0,0,0,0,1,0,0,0,0,3
1947,0,0,0,0,0,0,0,0,0,0,0,0,1,0,0,0,0,0,27
1947,0,0,0,0,0,0,0,0,0,0,0,1,0,0,0,0,0,0,15
1947,0,0,0,0,0,0,0,0,0,0,1,0,0,0,0,0,0,0,5
1947,0,0,0,0,0,0,0,0,0,0,1,0,0,0,0,0,0,1,1
1947,0,0,0,0,0,0,0,0,0,1,0,0,0,0,0,0,0,0,9
1947,0,0,0,0,0,0,0,0,1,0,0,0,0,0,0,0,0,0,49
1947,0,0,0,0,0,0,0,1,0,0,0,0,0,0,0,0,0,0,2
1947,0,0,0,0,0,0,1,0,0,0,0,0,0,0,0,0,0,0,51
1947,0,0,0,0,0,0,1,0,0,0,0,0,0,0,0,0,0,1,1
1947,0,0,0,0,0,1,0,0,0,0,0,0,0,0,0,0,0,0,4
1947,0,0,0,0,1,0,0,0,0,0,0,0,0,0,0,0,0,0,16
1947,0,0,0,1,0,0,0,0,0,0,0,0,0,0,0,0,0,0,407
1947,0,0,0,1,0,0,0,0,0,0,0,0,0,0,0,0,0,1,6
1947,0,0,0,1,0,0,0,0,0,0,0,0,1,0,0,0,0,0,1
1947,0,0,1,0,0,0,0,0,0,0,0,0,0,0,0,0,0,0,221
1947,0,0,1,0,0,0,0,0,0,0,0,0,0,0,0,0,0,1,185
1947,0,1,0,0,0,0,0,0,0,0,0,0,0,0,0,0,0,0,412
1947,0,1,0,0,0,0,0,0,0,0,0,0,0,0,0,0,0,1,6
1947,0,1,0,1,0,0,0,0,0,0,0,0,0,0,0,0,0,0,3
1947,1,0,0,0,0,0,0,0,0,0,0,0,0,0,0,0,0,0,372
1947,1,0,0,0,0,0,0,0,0,0,0,0,0,0,0,0,0,1,2
1947,1,0,0,1,0,0,0,0,0,0,0,0,0,0,0,0,0,0,1
1947,1,0,1,0,0,0,0,0,0,0,0,0,0,0,0,0,0,0,1
1947,1,1,0,0,0,0,0,0,0,0,0,0,0,0,0,0,0,0,1
1948,0,0,0,0,0,0,0,0,0,0,0,0,0,0,0,0,0,0,5466
1948,0,0,0,0,0,0,0,0,0,0,0,0,0,0,0,0,0,1,803
1948,0,0,0,0,0,0,0,0,0,0,0,0,0,0,0,0,1,0,21
1948,0,0,0,0,0,0,0,0,0,0,0,0,0,0,0,1,0,0,108
1948,0,0,0,0,0,0,0,0,0,0,0,0,0,0,1,0,0,0,14
1948,0,0,0,0,0,0,0,0,0,0,0,0,0,0,1,0,0,1,1
1948,0,0,0,0,0,0,0,0,0,0,0,0,0,1,0,0,0,0,13
1948,0,0,0,0,0,0,0,0,0,0,0,0,1,0,0,0,0,0,32
1948,0,0,0,0,0,0,0,0,0,0,0,1,0,0,0,0,0,0,11
1948,0,0,0,0,0,0,0,0,0,0,0,1,0,0,0,0,0,1,1
1948,0,0,0,0,0,0,0,0,0,0,1,0,0,0,0,0,0,0,5
1948,0,0,0,0,0,0,0,0,0,1,0,0,0,0,0,0,0,0,10
1948,0,0,0,0,0,0,0,0,1,0,0,0,0,0,0,0,0,0,25
1948,0,0,0,0,0,0,0,0,1,0,0,0,0,0,0,0,0,1,3
1948,0,0,0,0,0,0,0,1,0,0,0,0,0,0,0,0,0,0,3
1948,0,0,0,0,0,0,1,0,0,0,0,0,0,0,0,0,0,0,114
1948,0,0,0,0,0,0,1,0,0,0,0,0,0,0,0,0,0,1,4
1948,0,0,0,0,0,0,1,0,0,0,0,0,0,0,0,0,1,1,1
1948,0,0,0,0,0,1,0,0,0,0,0,0,0,0,0,0,0,0,10
1948,0,0,0,0,1,0,0,0,0,0,0,0,0,0,0,0,0,0,14
1948,0,0,0,1,0,0,0,0,0,0,0,0,0,0,0,0,0,0,507
1948,0,0,0,1,0,0,0,0,0,0,0,0,0,0,0,0,0,1,8
1948,0,0,0,1,0,0,0,0,1,0,0,0,0,0,0,0,0,0,1
1948,0,0,1,0,0,0,0,0,0,0,0,0,0,0,0,0,0,0,105
1948,0,0,1,0,0,0,0,0,0,0,0,0,0,0,0,0,0,1,138
1948,0,0,1,0,0,0,1,0,0,0,0,0,0,0,0,0,0,0,1
1948,0,1,0,0,0,0,0,0,0,0,0,0,0,0,0,0,0,0,341
1948,0,1,0,0,0,0,0,0,0,0,0,0,0,0,0,0,0,1,4
1948,0,1,0,0,0,0,0,0,0,0,0,0,0,0,0,0,1,0,1
1948,0,1,0,1,0,0,0,0,0,0,0,0,0,0,0,0,0,0,2
1948,1,0,0,0,0,0,0,0,0,0,0,0,0,0,0,0,0,0,344
1948,1,0,0,0,0,0,0,0,0,0,0,0,0,0,0,0,0,1,6
1948,1,0,0,0,0,0,0,0,0,0,0,0,0,0,0,0,1,0,1
1948,1,0,0,0,0,0,0,0,0,0,0,0,1,0,0,0,0,0,1
1948,1,0,1,0,0,0,0,0,0,0,0,0,0,0,0,0,0,0,1
1949,0,0,0,0,0,0,0,0,0,0,0,0,0,0,0,0,0,0,9869
1949,0,0,0,0,0,0,0,0,0,0,0,0,0,0,0,0,0,1,860
1949,0,0,0,0,0,0,0,0,0,0,0,0,0,0,0,0,1,0,28
1949,0,0,0,0,0,0,0,0,0,0,0,0,0,0,0,1,0,0,137
1949,0,0,0,0,0,0,0,0,0,0,0,0,0,0,1,0,0,0,8
1949,0,0,0,0,0,0,0,0,0,0,0,0,0,0,1,0,0,1,3
1949,0,0,0,0,0,0,0,0,0,0,0,0,0,1,0,0,0,0,39
1949,0,0,0,0,0,0,0,0,0,0,0,0,1,0,0,0,0,0,33
1949,0,0,0,0,0,0,0,0,0,0,0,1,0,0,0,0,0,0,25
1949,0,0,0,0,0,0,0,0,0,0,0,1,0,0,0,0,0,1,3
1949,0,0,0,0,0,0,0,0,0,0,1,0,0,0,0,0,0,0,7
1949,0,0,0,0,0,0,0,0,0,1,0,0,0,0,0,0,0,0,31
1949,0,0,0,0,0,0,0,0,1,0,0,0,0,0,0,0,0,0,21
1949,0,0,0,0,0,0,1,0,0,0,0,0,0,0,0,0,0,0,206
1949,0,0,0,0,0,0,1,0,0,0,0,0,0,0,0,0,0,1,17
1949,0,0,0,0,0,1,0,0,0,0,0,0,0,0,0,0,0,0,7
1949,0,0,0,0,1,0,0,0,0,0,0,0,0,0,0,0,0,0,10
1949,0,0,0,1,0,0,0,0,0,0,0,0,0,0,0,0,0,0,531
1949,0,0,0,1,0,0,0,0,0,0,0,0,0,0,0,0,0,1,13
1949,0,0,1,0,0,0,0,0,0,0,0,0,0,0,0,0,0,0,80
1949,0,0,1,0,0,0,0,0,0,0,0,0,0,0,0,0,0,1,112
1949,0,1,0,0,0,0,0,0,0,0,0,0,0,0,0,0,0,0,348
1949,0,1,0,0,0,0,0,0,0,0,0,0,0,0,0,0,0,1,7
1949,0,1,0,0,0,0,1,0,0,0,0,0,0,0,0,0,0,0,1
1949,1,0,0,0,0,0,0,0,0,0,0,0,0,0,0,0,0,0,578
1949,1,0,0,0,0,0,0,0,0,0,0,0,0,0,0,0,0,1,6
1949,1,0,0,1,0,0,0,0,0,0,0,0,0,0,0,0,0,0,1
1950,0,0,0,0,0,0,0,0,0,0,0,0,0,0,0,0,0,0,6292
1950,0,0,0,0,0,0,0,0,0,0,0,0,0,0,0,0,0,1,556
1950,0,0,0,0,0,0,0,0,0,0,0,0,0,0,0,0,1,0,51
1950,0,0,0,0,0,0,0,0,0,0,0,0,0,0,0,1,0,0,103
1950,0,0,0,0,0,0,0,0,0,0,0,0,0,0,1,0,0,0,15
1950,0,0,0,0,0,0,0,0,0,0,0,0,0,1,0,0,0,0,11
1950,0,0,0,0,0,0,0,0,0,0,0,0,1,0,0,0,0,0,53
1950,0,0,0,0,0,0,0,0,0,0,0,1,0,0,0,0,0,0,49
1950,0,0,0,0,0,0,0,0,0,0,0,1,0,0,0,0,0,1,2
1950,0,0,0,0,0,0,0,0,0,0,1,0,0,0,0,0,0,0,7
1950,0,0,0,0,0,0,0,0,0,1,0,0,0,0,0,0,0,0,9
1950,0,0,0,0,0,0,0,0,1,0,0,0,0,0,0,0,0,0,18
1950,0,0,0,0,0,0,0,1,0,0,0,0,0,0,0,0,0,0,2
1950,0,0,0,0,0,0,1,0,0,0,0,0,0,0,0,0,0,0,131
1950,0,0,0,0,0,0,1,0,0,0,0,0,0,0,0,0,0,1,10
1950,0,0,0,0,0,1,0,0,0,0,0,0,0,0,0,0,0,0,5
1950,0,0,0,0,1,0,0,0,0,0,0,0,0,0,0,0,0,0,15
1950,0,0,0,1,0,0,0,0,0,0,0,0,0,0,0,0,0,0,248
1950,0,0,0,1,0,0,0,0,0,0,0,0,0,0,0,0,0,1,20
1950,0,0,1,0,0,0,0,0,0,0,0,0,0,0,0,0,0,0,64
1950,0,0,1,0,0,0,0,0,0,0,0,0,0,0,0,0,0,1,130
1950,0,0,1,0,0,0,1,0,0,0,0,0,0,0,0,0,0,0,1
1950,0,0,1,0,0,1,0,0,0,0,0,0,0,0,0,0,0,1,1
1950,0,1,0,0,0,0,0,0,0,0,0,0,0,0,0,0,0,0,317
1950,0,1,0,0,0,0,0,0,0,0,0,0,0,0,0,0,0,1,4
1950,1,0,0,0,0,0,0,0,0,0,0,0,0,0,0,0,0,0,447
1950,1,0,0,0,0,0,0,0,0,0,0,0,0,0,0,0,0,1,6
1950,1,0,0,0,0,0,0,0,0,0,0,0,0,0,0,0,1,0,1
1950,1,0,0,1,0,0,0,0,0,0,0,0,0,0,0,0,0,0,1
1951,0,0,0,0,0,0,0,0,0,0,0,0,0,0,0,0,0,0,4200
1951,0,0,0,0,0,0,0,0,0,0,0,0,0,0,0,0,0,1,554
1951,0,0,0,0,0,0,0,0,0,0,0,0,0,0,0,0,1,0,59
1951,0,0,0,0,0,0,0,0,0,0,0,0,0,0,0,1,0,0,53
1951,0,0,0,0,0,0,0,0,0,0,0,0,0,0,1,0,0,0,25
1951,0,0,0,0,0,0,0,0,0,0,0,0,0,0,1,0,0,1,1
1951,0,0,0,0,0,0,0,0,0,0,0,0,0,1,0,0,0,0,19
1951,0,0,0,0,0,0,0,0,0,0,0,0,1,0,0,0,0,0,114
1951,0,0,0,0,0,0,0,0,0,0,0,1,0,0,0,0,0,0,74
1951,0,0,0,0,0,0,0,0,0,0,0,1,0,0,0,0,0,1,2
1951,0,0,0,0,0,0,0,0,0,0,1,0,0,0,0,0,0,0,5
1951,0,0,0,0,0,0,0,0,0,1,0,0,0,0,0,0,0,0,8
1951,0,0,0,0,0,0,0,0,1,0,0,0,0,0,0,0,0,0,10
1951,0,0,0,0,0,0,0,0,1,0,0,0,0,0,0,0,0,1,2
1951,0,0,0,0,0,0,0,1,0,0,0,0,0,0,0,0,0,0,3
1951,0,0,0,0,0,0,1,0,0,0,0,0,0,0,0,0,0,0,142
1951,0,0,0,0,0,0,1,0,0,0,0,0,0,0,0,0,0,1,12
1951,0,0,0,0,0,1,0,0,0,0,0,0,0,0,0,0,0,0,9
1951,0,0,0,0,1,0,0,0,0,0,0,0,0,0,0,0,0,0,28
1951,0,0,0,1,0,0,0,0,0,0,0,0,0,0,0,0,0,0,386
1951,0,0,0,1,0,0,0,0,0,0,0,0,0,0,0,0,0,1,3
1951,0,0,1,0,0,0,0,0,0,0,0,0,0,0,0,0,0,0,118
1951,0,0,1,0,0,0,0,0,0,0,0,0,0,0,0,0,0,1,121
1951,0,1,0,0,0,0,0,0,0,0,0,0,0,0,0,0,0,0,339
1951,0,1,0,0,0,0,0,0,0,0,0,0,0,0,0,0,0,1,5
1951,0,1,1,0,0,0,0,0,0,0,0,0,0,0,0,0,0,0,1
1951,1,0,0,0,0,0,0,0,0,0,0,0,0,0,0,0,0,0,410
1951,1,0,0,0,0,0,0,0,0,0,0,0,0,0,0,0,0,1,1
1951,1,0,0,1,0,0,0,0,0,0,0,0,0,0,0,0,0,0,1
1952,0,0,0,0,0,0,0,0,0,0,0,0,0,0,0,0,0,0,1937
1952,0,0,0,0,0,0,0,0,0,0,0,0,0,0,0,0,0,1,433
1952,0,0,0,0,0,0,0,0,0,0,0,0,0,0,0,0,1,0,18
1952,0,0,0,0,0,0,0,0,0,0,0,0,0,0,0,1,0,0,28
1952,0,0,0,0,0,0,0,0,0,0,0,0,0,0,1,0,0,0,15
1952,0,0,0,0,0,0,0,0,0,0,0,0,0,1,0,0,0,0,18
1952,0,0,0,0,0,0,0,0,0,0,0,0,1,0,0,0,0,0,50
1952,0,0,0,0,0,0,0,0,0,0,0,1,0,0,0,0,0,0,51
1952,0,0,0,0,0,0,0,0,0,0,0,1,0,0,0,0,0,1,4
1952,0,0,0,0,0,0,0,0,0,0,1,0,0,0,0,0,0,0,4
1952,0,0,0,0,0,0,0,0,0,1,0,0,0,0,0,0,0,0,5
1952,0,0,0,0,0,0,0,0,1,0,0,0,0,0,0,0,0,0,9
1952,0,0,0,0,0,0,0,1,0,0,0,0,0,0,0,0,0,0,1
1952,0,0,0,0,0,0,1,0,0,0,0,0,0,0,0,0,0,0,56
1952,0,0,0,0,0,0,1,0,0,0,0,0,0,0,0,0,0,1,4
1952,0,0,0,0,0,1,0,0,0,0,0,0,0,0,0,0,0,0,4
1952,0,0,0,0,1,0,0,0,0,0,0,0,0,0,0,0,0,0,18
1952,0,0,0,1,0,0,0,0,0,0,0,0,0,0,0,0,0,0,87
1952,0,0,1,0,0,0,0,0,0,0,0,0,0,0,0,0,0,0,46
1952,0,0,1,0,0,0,0,0,0,0,0,0,0,0,0,0,0,1,45
1952,0,1,0,0,0,0,0,0,0,0,0,0,0,0,0,0,0,0,210
1952,0,1,0,0,0,0,0,0,0,0,0,0,0,0,0,0,0,1,4
1952,1,0,0,0,0,0,0,0,0,0,0,0,0,0,0,0,0,0,83
1953,0,0,0,0,0,0,0,0,0,0,0,0,0,0,0,0,0,0,1384
1953,0,0,0,0,0,0,0,0,0,0,0,0,0,0,0,0,0,1,307
1953,0,0,0,0,0,0,0,0,0,0,0,0,0,0,0,0,1,0,5
1953,0,0,0,0,0,0,0,0,0,0,0,0,0,0,0,1,0,0,21
1953,0,0,0,0,0,0,0,0,0,0,0,0,0,0,1,0,0,0,12
1953,0,0,0,0,0,0,0,0,0,0,0,0,0,0,1,0,0,1,3
1953,0,0,0,0,0,0,0,0,0,0,0,0,0,1,0,0,0,0,10
1953,0,0,0,0,0,0,0,0,0,0,0,0,1,0,0,0,0,0,40
1953,0,0,0,0,0,0,0,0,0,0,0,1,0,0,0,0,0,0,45
1953,0,0,0,0,0,0,0,0,0,1,0,0,0,0,0,0,0,0,1
1953,0,0,0,0,0,0,0,0,1,0,0,0,0,0,0,0,0,0,8
1953,0,0,0,0,0,0,0,1,0,0,0,0,0,0,0,0,0,0,1
1953,0,0,0,0,0,0,1,0,0,0,0,0,0,0,0,0,0,0,66
1953,0,0,0,0,0,0,1,0,0,0,0,0,0,0,0,0,0,1,3
1953,0,0,0,0,0,1,0,0,0,0,0,0,0,0,0,0,0,0,4
1953,0,0,0,0,1,0,0,0,0,0,0,0,0,0,0,0,0,0,8
1953,0,0,0,1,0,0,0,0,0,0,0,0,0,0,0,0,0,0,32
1953,0,0,1,0,0,0,0,0,0,0,0,0,0,0,0,0,0,0,29
1953,0,0,1,0,0,0,0,0,0,0,0,0,0,0,0,0,0,1,54
1953,0,0,1,0,0,0,1,0,0,0,0,0,0,0,0,0,0,0,1
1953,0,1,0,0,0,0,0,0,0,0,0,0,0,0,0,0,0,0,152
1953,0,1,0,0,0,0,0,0,0,0,0,0,0,0,0,0,0,1,2
1953,1,0,0,0,0,0,0,0,0,0,0,0,0,0,0,0,0,0,64
1953,1,0,0,0,0,0,0,0,0,0,0,0,0,0,0,0,0,1,1
1953,1,0,0,1,0,0,0,0,0,0,0,0,0,0,0,0,0,0,1
1954,0,0,0,0,0,0,0,0,0,0,0,0,0,0,0,0,0,0,414
1954,0,0,0,0,0,0,0,0,0,0,0,0,0,0,0,0,0,1,153
1954,0,0,0,0,0,0,0,0,0,0,0,0,0,0,0,1,0,0,1
1954,0,0,0,0,0,0,0,0,0,0,0,0,0,0,1,0,0,0,3
1954,0,0,0,0,0,0,0,0,0,0,0,0,1,0,0,0,0,0,8
1954,0,0,0,0,0,0,0,0,0,0,0,1,0,0,0,0,0,0,2
1954,0,0,0,0,0,0,0,0,0,0,1,0,0,0,0,0,0,0,1
1954,0,0,0,0,0,0,0,0,1,0,0,0,0,0,0,0,0,0,8
1954,0,0,0,0,0,0,1,0,0,0,0,0,0,0,0,0,0,0,1
1954,0,0,0,1,0,0,0,0,0,0,0,0,0,0,0,0,0,0,2
1954,0,0,1,0,0,0,0,0,0,0,0,0,0,0,0,0,0,0,8
1954,0,0,1,0,0,0,0,0,0,0,0,0,0,0,0,0,0,1,22
1954,0,1,0,0,0,0,0,0,0,0,0,0,0,0,0,0,0,0,26
1954,1,0,0,0,0,0,0,0,0,0,0,0,0,0,0,0,0,0,6
1955,0,0,0,0,0,0,0,0,0,0,0,0,0,0,0,0,0,0,236
1955,0,0,0,0,0,0,0,0,0,0,0,0,0,0,0,0,0,1,108
1955,0,0,0,0,0,0,0,0,0,0,0,0,0,0,0,1,0,0,1
1955,0,0,0,0,0,0,0,0,0,0,0,0,0,0,1,0,0,0,2
1955,0,0,0,0,0,0,0,0,0,0,0,0,1,0,0,0,0,0,1
1955,0,0,0,0,0,0,0,0,0,0,0,1,0,0,0,0,0,0,2
1955,0,0,0,0,0,0,0,0,1,0,0,0,0,0,0,0,0,0,3
1955,0,0,0,0,0,0,1,0,0,0,0,0,0,0,0,0,0,0,4
1955,0,0,0,0,1,0,0,0,0,0,0,0,0,0,0,0,0,0,1
1955,0,0,0,1,0,0,0,0,0,0,0,0,0,0,0,0,0,0,22
1955,0,0,1,0,0,0,0,0,0,0,0,0,0,0,0,0,0,0,3
1955,0,0,1,0,0,0,0,0,0,0,0,0,0,0,0,0,0,1,2
1955,0,1,0,0,0,0,0,0,0,0,0,0,0,0,0,0,0,0,36
1955,0,1,0,0,0,0,0,0,0,0,0,0,0,0,0,0,0,1,1
1955,1,0,0,0,0,0,0,0,0,0,0,0,0,0,0,0,0,0,4
1956,0,0,0,0,0,0,0,0,0,0,0,0,0,0,0,0,0,0,218
1956,0,0,0,0,0,0,0,0,0,0,0,0,0,0,0,0,0,1,6
1956,0,0,0,0,0,0,0,0,0,0,0,0,0,0,0,1,0,0,4
1956,0,0,0,0,0,0,0,0,0,0,0,0,0,0,1,0,0,0,11
1956,0,0,0,0,0,0,0,0,0,0,0,0,0,1,0,0,0,0,1
1956,0,0,0,0,0,0,0,0,0,0,0,0,1,0,0,0,0,0,9
1956,0,0,0,0,0,0,0,0,0,0,0,1,0,0,0,0,0,0,9
1956,0,0,0,0,0,0,0,0,1,0,0,0,0,0,0,0,0,0,2
1956,0,0,0,0,0,0,0,0,1,0,0,0,0,0,0,0,0,1,2
1956,0,0,0,0,0,0,1,0,0,0,0,0,0,0,0,0,0,0,9
1956,0,0,0,0,1,0,0,0,0,0,0,0,0,0,0,0,0,0,4
1956,0,0,0,1,0,0,0,0,0,0,0,0,0,0,0,0,0,0,21
1956,0,0,1,0,0,0,0,0,0,0,0,0,0,0,0,0,0,0,2
1956,0,0,1,0,0,0,0,0,0,0,0,0,0,0,0,0,0,1,1
1956,0,1,0,0,0,0,0,0,0,0,0,0,0,0,0,0,0,0,54
1956,0,1,0,0,0,0,0,0,0,0,0,0,0,0,0,0,0,1,2
1956,1,0,0,0,0,0,0,0,0,0,0,0,0,0,0,0,0,0,10
1956,1,0,0,0,0,0,0,0,0,0,0,0,0,0,0,0,0,1,1
1957,0,0,0,0,0,0,0,0,0,0,0,0,0,0,0,0,0,0,1158
1957,0,0,0,0,0,0,0,0,0,0,0,0,0,0,0,0,0,1,23
1957,0,0,0,0,0,0,0,0,0,0,0,0,0,0,0,0,1,0,1
1957,0,0,0,0,0,0,0,0,0,0,0,0,0,0,0,1,0,0,12
1957,0,0,0,0,0,0,0,0,0,0,0,0,0,0,1,0,0,0,17
1957,0,0,0,0,0,0,0,0,0,0,0,0,0,1,0,0,0,0,1
1957,0,0,0,0,0,0,0,0,0,0,0,0,1,0,0,0,0,0,62
1957,0,0,0,0,0,0,0,0,0,0,0,0,1,0,0,0,0,1,1
1957,0,0,0,0,0,0,0,0,0,0,0,1,0,0,0,0,0,0,23
1957,0,0,0,0,0,0,0,0,0,0,1,0,0,0,0,0,0,0,1
1957,0,0,0,0,0,0,0,0,1,0,0,0,0,0,0,0,0,0,6
1957,0,0,0,0,0,0,1,0,0,0,0,0,0,0,0,0,0,0,30
1957,0,0,0,0,0,0,1,0,0,0,0,0,0,0,0,0,0,1,3
1957,0,0,0,0,0,1,0,0,0,0,0,0,0,0,0,0,0,0,5
1957,0,0,0,0,1,0,0,0,0,0,0,0,0,0,0,0,0,0,22
1957,0,0,0,1,0,0,0,0,0,0,0,0,0,0,0,0,0,0,22
1957,0,0,1,0,0,0,0,0,0,0,0,0,0,0,0,0,0,0,7
1957,0,0,1,0,0,0,0,0,0,0,0,0,0,0,0,0,0,1,10
1957,0,1,0,0,0,0,0,0,0,0,0,0,0,0,0,0,0,0,284
1957,0,1,0,0,0,0,0,0,0,0,0,0,0,0,0,0,0,1,2
1957,1,0,0,0,0,0,0,0,0,0,0,0,0,0,0,0,0,0,67
1958,0,0,0,0,0,0,0,0,0,0,0,0,0,0,0,0,0,0,760
1958,0,0,0,0,0,0,0,0,0,0,0,0,0,0,0,0,0,1,17
1958,0,0,0,0,0,0,0,0,0,0,0,0,0,0,0,1,0,0,7
1958,0,0,0,0,0,0,0,0,0,0,0,0,0,0,1,0,0,0,8
1958,0,0,0,0,0,0,0,0,0,0,0,0,0,1,0,0,0,0,5
1958,0,0,0,0,0,0,0,0,0,0,0,0,1,0,0,0,0,0,21
1958,0,0,0,0,0,0,0,0,0,0,0,1,0,0,0,0,0,0,14
1958,0,0,0,0,0,0,0,0,0,0,0,1,0,0,0,0,0,1,4
1958,0,0,0,0,0,0,0,0,0,1,0,0,0,0,0,0,0,0,1
1958,0,0,0,0,0,0,0,0,1,0,0,0,0,0,0,0,0,0,2
1958,0,0,0,0,0,0,1,0,0,0,0,0,0,0,0,0,0,0,25
1958,0,0,0,0,0,0,1,0,0,0,0,0,0,0,0,0,0,1,2
1958,0,0,0,0,0,1,0,0,0,0,0,0,0,0,0,0,0,0,2
1958,0,0,0,0,1,0,0,0,0,0,0,0,0,0,0,0,0,0,8
1958,0,0,0,1,0,0,0,0,0,0,0,0,0,0,0,0,0,0,10
1958,0,0,0,1,0,0,0,0,0,0,0,0,0,0,0,0,0,1,4
1958,0,0,1,0,0,0,0,0,0,0,0,0,0,0,0,0,0,0,10
1958,0,0,1,0,0,0,0,0,0,0,0,0,0,0,0,0,0,1,5
1958,0,1,0,0,0,0,0,0,0,0,0,0,0,0,0,0,0,0,187
1958,0,1,0,0,0,0,0,0,0,0,0,0,0,0,0,0,0,1,2
1958,1,0,0,0,0,0,0,0,0,0,0,0,0,0,0,0,0,0,26
1958,1,0,0,0,0,0,0,0,0,0,0,0,0,0,0,0,0,1,2
1959,0,0,0,0,0,0,0,0,0,0,0,0,0,0,0,0,0,0,265
1959,0,0,0,0,0,0,0,0,0,0,0,0,0,0,0,0,0,1,6
1959,0,0,0,0,0,0,0,0,0,0,0,0,0,0,0,0,1,0,3
1959,0,0,0,0,0,0,0,0,0,0,0,0,0,0,0,1,0,0,7
1959,0,0,0,0,0,0,0,0,0,0,0,0,0,0,1,0,0,0,11
1959,0,0,0,0,0,0,0,0,0,0,0,0,0,1,0,0,0,0,1
1959,0,0,0,0,0,0,0,0,0,0,0,0,1,0,0,0,0,0,7
1959,0,0,0,0,0,0,0,0,0,0,0,1,0,0,0,0,0,0,8
1959,0,0,0,0,0,0,0,0,1,0,0,0,0,0,0,0,0,0,2
1959,0,0,0,0,0,0,1,0,0,0,0,0,0,0,0,0,0,0,5
1959,0,0,0,0,0,0,1,0,0,0,0,0,0,0,0,0,0,1,1
1959,0,0,0,0,0,1,0,0,0,0,0,0,0,0,0,0,0,0,1
1959,0,0,0,0,1,0,0,0,0,0,0,0,0,0,0,0,0,0,1
1959,0,0,0,1,0,0,0,0,0,0,0,0,0,0,0,0,0,0,5
1959,0,0,1,0,0,0,0,0,0,0,0,0,0,0,0,0,0,0,1
1959,0,0,1,0,0,0,0,0,0,0,0,0,0,0,0,0,0,1,5
1959,0,1,0,0,0,0,0,0,0,0,0,0,0,0,0,0,0,0,98
1959,1,0,0,0,0,0,0,0,0,0,0,0,0,0,0,0,0,0,9
NA,0,0,0,0,0,0,0,0,0,0,0,0,0,0,0,0,0,0,332695
NA,0,0,0,0,0,0,0,0,0,0,0,0,0,0,0,0,0,1,33428
NA,0,0,0,0,0,0,0,0,0,0,0,0,0,0,0,0,1,0,94
NA,0,0,0,0,0,0,0,0,0,0,0,0,0,0,0,0,1,1,1
NA,0,0,0,0,0,0,0,0,0,0,0,0,0,0,0,1,0,0,398
NA,0,0,0,0,0,0,0,0,0,0,0,0,0,0,1,0,0,0,81
NA,0,0,0,0,0,0,0,0,0,0,0,0,0,0,1,0,0,1,7
NA,0,0,0,0,0,0,0,0,0,0,0,0,0,1,0,0,0,0,58
NA,0,0,0,0,0,0,0,0,0,0,0,0,1,0,0,0,0,0,529
NA,0,0,0,0,0,0,0,0,0,0,0,1,0,0,0,0,0,0,166
NA,0,0,0,0,0,0,0,0,0,0,0,1,0,0,0,0,0,1,8
NA,0,0,0,0,0,0,0,0,0,0,1,0,0,0,0,0,0,0,2085
NA,0,0,0,0,0,0,0,0,0,0,1,0,0,0,0,0,0,1,6
NA,0,0,0,0,0,0,0,0,0,1,0,0,0,0,0,0,0,0,1458
NA,0,0,0,0,0,0,0,0,0,1,0,0,0,0,0,0,0,1,23
NA,0,0,0,0,0,0,0,0,0,1,0,0,0,0,0,0,1,0,3
NA,0,0,0,0,0,0,0,0,0,1,1,0,0,0,0,0,0,0,2
NA,0,0,0,0,0,0,0,0,1,0,0,0,0,0,0,0,0,0,3206
NA,0,0,0,0,0,0,0,0,1,0,0,0,0,0,0,0,0,1,7
NA,0,0,0,0,0,0,0,1,0,0,0,0,0,0,0,0,0,0,2962
NA,0,0,0,0,0,0,0,1,0,0,0,0,0,0,0,0,0,1,4
NA,0,0,0,0,0,0,1,0,0,0,0,0,0,0,0,0,0,0,9559
NA,0,0,0,0,0,0,1,0,0,0,0,0,0,0,0,0,0,1,1049
NA,0,0,0,0,0,1,0,0,0,0,0,0,0,0,0,0,0,0,35
NA,0,0,0,0,0,1,0,0,0,0,0,0,0,0,0,0,0,1,2
NA,0,0,0,0,1,0,0,0,0,0,0,0,0,0,0,0,0,0,101
NA,0,0,0,1,0,0,0,0,0,0,0,0,0,0,0,0,0,0,25270
NA,0,0,0,1,0,0,0,0,0,0,0,0,0,0,0,0,0,1,743
NA,0,0,0,1,0,0,0,0,0,0,0,0,1,0,0,0,0,0,11
NA,0,0,0,1,0,0,0,0,0,1,0,0,0,0,0,0,0,0,1
NA,0,0,0,1,0,0,0,0,1,0,0,0,0,0,0,0,0,0,20
NA,0,0,0,1,0,0,1,0,0,0,0,0,0,0,0,0,0,0,1
NA,0,0,0,1,0,1,0,0,0,0,0,0,0,0,0,0,0,0,2
NA,0,0,1,0,0,0,0,0,0,0,0,0,0,0,0,0,0,0,2501
NA,0,0,1,0,0,0,0,0,0,0,0,0,0,0,0,0,0,1,5496
NA,0,0,1,0,0,0,0,0,0,0,0,0,1,0,0,0,0,0,1
NA,0,1,0,0,0,0,0,0,0,0,0,0,0,0,0,0,0,0,3264
NA,0,1,0,0,0,0,0,0,0,0,0,0,0,0,0,0,0,1,39
NA,0,1,0,0,0,0,1,0,0,0,0,0,0,0,0,0,0,0,1
NA,0,1,0,1,0,0,0,0,0,0,0,0,0,0,0,0,0,0,9
NA,1,0,0,0,0,0,0,0,0,0,0,0,0,0,0,0,0,0,1796
NA,1,0,0,0,0,0,0,0,0,0,0,0,0,0,0,0,0,1,20
NA,1,0,0,0,0,0,0,0,0,0,0,0,0,0,0,0,1,0,1
